timestamp,source,bits_length,entropy_score,shannon_entropy,min_entropy,bit_distribution,generation_time_ms,shots_used,num_qubits
2026-04-23T15:02:04.210063Z,test,16,0.985,0.98,0.975,0.5,125.5,256,2
2026-04-23T15:02:10.815757Z,synthetic_quantum,416,0.962,0.962,0.9206,0.4572,1438.88,1024,26
2026-04-23T15:02:12.071614Z,synthetic_quantum,1131,0.7049,0.6944,0.6787,0.5364,1162.11,256,29
2026-04-23T15:02:12.750286Z,synthetic_quantum,600,0.9561,0.9515,0.8804,0.4792,815.91,512,15
2026-04-23T15:02:15.528532Z,synthetic_quantum,468,0.9609,0.9489,0.8519,0.4649,4654.23,1024,26
2026-04-23T15:02:15.547094Z,synthetic_quantum,1792,0.9548,0.9394,0.8256,0.503,2103.55,512,32
2026-04-23T15:02:18.411243Z,synthetic_quantum,896,0.9816,0.9686,0.9658,0.4976,1855.44,1024,14
2026-04-23T15:02:15.418429Z,synthetic_quantum,486,0.9941,0.9756,0.914,0.5215,821.07,512,18
2026-04-23T15:02:23.859092Z,synthetic_quantum,1092,0.9562,0.9424,0.9382,0.5054,146.24,512,26
2026-04-23T15:02:20.486749Z,synthetic_quantum,1025,0.9815,0.9679,0.9243,0.5028,218.44,256,25
2026-04-23T15:02:28.194717Z,synthetic_quantum,546,0.9873,0.9744,0.8665,0.4889,496.86,1024,26
2026-04-23T15:02:20.925450Z,synthetic_quantum,900,0.9687,0.9619,0.8688,0.5429,794.89,512,15
2026-04-23T15:02:21.143703Z,synthetic_quantum,767,0.5312,0.5247,0.4984,0.4733,566.03,256,13
2026-04-23T15:02:20.750497Z,synthetic_quantum,667,0.7312,0.7285,0.6477,0.4686,4470.75,1024,23
2026-04-23T15:02:22.078605Z,synthetic_quantum,945,0.9888,0.9872,0.9135,0.4981,632.35,512,15
2026-04-23T15:02:20.335066Z,synthetic_quantum,294,0.7014,0.6982,0.6302,0.5242,416.93,1024,14
2026-04-23T15:02:35.649112Z,synthetic_quantum,464,0.6962,0.689,0.6815,0.5075,156.48,256,16
2026-04-23T15:02:23.306677Z,synthetic_quantum,740,0.6302,0.626,0.6138,0.4831,762.83,256,20
2026-04-23T15:02:20.328389Z,synthetic_quantum,234,0.9619,0.9505,0.9289,0.4678,593.18,256,13
2026-04-23T15:02:41.676864Z,synthetic_quantum,682,0.9742,0.9638,0.8451,0.4863,1050.06,256,22
2026-04-23T15:02:37.984446Z,synthetic_quantum,1003,0.9611,0.9503,0.8674,0.4644,271.54,256,17
2026-04-23T15:02:39.995871Z,synthetic_quantum,506,0.9061,0.8939,0.8868,0.4783,1078.11,256,22
2026-04-23T15:02:23.069090Z,synthetic_quantum,1624,0.7688,0.7612,0.69,0.5432,437.2,256,28
2026-04-23T15:02:32.073357Z,synthetic_quantum,1344,0.964,0.9462,0.9069,0.4703,1854.37,512,21
2026-04-23T15:02:47.943736Z,synthetic_quantum,1408,0.957,0.9519,0.9016,0.5151,475.4,1024,22
2026-04-23T15:02:41.029950Z,synthetic_quantum,364,0.9694,0.9693,0.8475,0.4623,71.9,1024,13
2026-04-23T15:02:39.819620Z,synthetic_quantum,806,0.8677,0.8567,0.7387,0.5462,627.83,256,26
2026-04-23T15:02:54.230797Z,synthetic_quantum,850,0.975,0.9584,0.857,0.5124,166.58,256,17
2026-04-23T15:02:45.507873Z,synthetic_quantum,465,0.9534,0.9418,0.8489,0.5215,614.89,512,15
2026-04-23T15:02:49.346344Z,synthetic_quantum,624,0.9539,0.9503,0.8512,0.4697,1240.62,1024,16
2026-04-23T15:02:41.842957Z,synthetic_quantum,1232,0.5963,0.5884,0.5508,0.5308,649.31,256,28
2026-04-23T15:03:09.551494Z,synthetic_quantum,1701,0.9753,0.9692,0.8867,0.4531,820.63,1024,27
2026-04-23T15:03:01.525128Z,synthetic_quantum,1008,0.969,0.955,0.8408,0.4949,1172.95,512,16
2026-04-23T15:02:41.387857Z,synthetic_quantum,896,0.9838,0.9763,0.8441,0.5239,3693.6,1024,28
2026-04-23T15:03:12.945129Z,synthetic_quantum,943,0.9586,0.9453,0.8279,0.452,4422.54,1024,23
2026-04-23T15:03:11.659924Z,synthetic_quantum,1216,0.88,0.872,0.7687,0.4936,772.06,256,32
2026-04-23T15:02:55.302218Z,synthetic_quantum,520,0.9621,0.9481,0.9361,0.5135,1253.16,512,26
2026-04-23T15:03:08.064304Z,synthetic_quantum,882,0.8221,0.806,0.7116,0.4925,101.76,256,14
2026-04-23T15:02:55.008685Z,synthetic_quantum,744,0.9775,0.9663,0.8849,0.5085,1066.79,256,31
2026-04-23T15:03:00.360779Z,synthetic_quantum,500,0.9501,0.9482,0.9038,0.4585,123.13,1024,10
2026-04-23T15:02:47.581497Z,synthetic_quantum,484,0.5385,0.5317,0.5187,0.5333,40.88,256,11
2026-04-23T15:03:18.322336Z,synthetic_quantum,432,0.9566,0.9559,0.8609,0.4562,628.74,512,27
2026-04-23T15:03:28.788100Z,synthetic_quantum,1160,0.9503,0.9446,0.8852,0.4837,1567.34,1024,29
2026-04-23T15:03:17.728820Z,synthetic_quantum,609,0.9772,0.9702,0.8394,0.4784,293.53,256,21
2026-04-23T15:03:34.444482Z,synthetic_quantum,1098,0.9597,0.9553,0.9136,0.5112,3198.56,1024,18
2026-04-23T15:03:07.043781Z,synthetic_quantum,672,0.989,0.9746,0.962,0.4596,2026.57,1024,14
2026-04-23T15:03:08.830718Z,synthetic_quantum,560,0.7117,0.7052,0.6332,0.5491,755.3,512,16
2026-04-23T15:03:16.204798Z,synthetic_quantum,638,0.9294,0.9199,0.8408,0.4996,864.45,512,22
2026-04-23T15:03:16.908987Z,synthetic_quantum,1711,0.9707,0.9704,0.8334,0.5387,911.91,512,29
2026-04-23T15:02:46.776879Z,synthetic_quantum,1276,0.9836,0.9769,0.9023,0.5303,3485.64,1024,29
2026-04-23T15:03:01.764694Z,synthetic_quantum,480,0.9905,0.9728,0.9278,0.4847,254.52,256,10
2026-04-23T15:02:54.872470Z,synthetic_quantum,1711,0.9701,0.9538,0.8974,0.4999,2763.62,1024,29
2026-04-23T15:03:43.331212Z,synthetic_quantum,896,0.9899,0.9717,0.9746,0.534,611.99,256,16
2026-04-23T15:03:05.797171Z,synthetic_quantum,1624,0.9965,0.9808,0.9814,0.5217,114.7,256,28
2026-04-23T15:03:35.363444Z,synthetic_quantum,783,0.9685,0.9611,0.9576,0.4586,3228.19,1024,29
2026-04-23T15:03:13.985587Z,synthetic_quantum,405,0.986,0.9775,0.8867,0.5483,2103.54,1024,15
2026-04-23T15:03:55.470267Z,synthetic_quantum,1456,0.8792,0.863,0.8446,0.4548,1220.64,256,28
2026-04-23T15:03:30.813723Z,synthetic_quantum,420,0.9692,0.9621,0.9238,0.4603,1655.98,1024,12
2026-04-23T15:02:40.755769Z,synthetic_quantum,1581,0.8815,0.8693,0.851,0.5061,1799.94,512,31
2026-04-23T15:03:56.229243Z,synthetic_quantum,480,0.9789,0.9658,0.8519,0.5049,760.56,512,10
2026-04-23T15:03:28.298346Z,synthetic_quantum,744,0.9731,0.965,0.9382,0.52,373.51,256,24
2026-04-23T15:03:06.983820Z,synthetic_quantum,864,0.9732,0.9625,0.8558,0.4923,1227.37,256,32
2026-04-23T15:03:19.480908Z,synthetic_quantum,423,0.9795,0.9613,0.8387,0.4634,404.32,256,9
2026-04-23T15:03:40.339496Z,synthetic_quantum,459,0.9668,0.9554,0.8853,0.4637,537.74,512,17
2026-04-23T15:03:30.374730Z,synthetic_quantum,494,0.965,0.9607,0.9311,0.4789,914.83,512,13
2026-04-23T15:03:32.545316Z,synthetic_quantum,726,0.9877,0.9811,0.8859,0.5047,764.98,1024,22
2026-04-23T15:03:08.718232Z,synthetic_quantum,540,0.9673,0.9495,0.8429,0.4688,2162.93,512,30
2026-04-23T15:03:22.219038Z,synthetic_quantum,1581,0.9559,0.9537,0.842,0.5077,3590.14,1024,31
2026-04-23T15:04:13.479671Z,synthetic_quantum,1222,0.9585,0.9528,0.9272,0.4889,720.81,256,26
2026-04-23T15:03:29.656442Z,synthetic_quantum,918,0.9687,0.9555,0.9403,0.5005,601.79,256,17
2026-04-23T15:04:05.975631Z,synthetic_quantum,1080,0.9779,0.9739,0.8715,0.5292,310.07,256,20
2026-04-23T15:04:28.397251Z,synthetic_quantum,306,0.5849,0.5806,0.5601,0.5018,924.81,1024,17
2026-04-23T15:02:49.748438Z,synthetic_quantum,744,0.9891,0.9828,0.9212,0.4624,1992.21,512,24
2026-04-23T15:04:34.756992Z,synthetic_quantum,676,0.9037,0.8908,0.7823,0.5262,1308.9,512,26
2026-04-23T15:04:23.316140Z,synthetic_quantum,760,0.7396,0.7313,0.7079,0.5321,1778.09,512,19
2026-04-23T15:03:00.317619Z,synthetic_quantum,323,0.9831,0.9703,0.9086,0.4767,1228.87,512,17
2026-04-23T15:04:17.516337Z,synthetic_quantum,594,0.9786,0.9673,0.8365,0.5396,1124.1,1024,11
2026-04-23T15:04:37.256452Z,synthetic_quantum,1404,0.96,0.9501,0.8343,0.4696,1644.74,512,27
2026-04-23T15:03:20.255057Z,synthetic_quantum,500,0.9547,0.9395,0.8527,0.4924,1910.62,512,20
2026-04-23T15:02:53.483509Z,synthetic_quantum,756,0.9952,0.9939,0.9051,0.5264,1852.27,1024,12
2026-04-23T15:04:07.920739Z,synthetic_quantum,480,0.9709,0.9629,0.8354,0.5267,885.83,1024,8
2026-04-23T15:04:37.606200Z,synthetic_quantum,1350,0.9861,0.98,0.9201,0.4601,2595.5,512,27
2026-04-23T15:03:24.727728Z,synthetic_quantum,1080,0.9941,0.9833,0.8755,0.5343,489.02,256,18
2026-04-23T15:04:29.940175Z,synthetic_quantum,616,0.9554,0.9553,0.9454,0.4918,594.72,512,14
2026-04-23T15:04:08.654229Z,synthetic_quantum,1740,0.9941,0.9753,0.8478,0.4703,71.92,256,29
2026-04-23T15:03:00.070398Z,synthetic_quantum,360,0.9796,0.9606,0.8517,0.4722,1550.41,1024,8
2026-04-23T15:04:43.093339Z,synthetic_quantum,682,0.9945,0.9913,0.9553,0.4742,2077.08,512,31
2026-04-23T15:04:23.902642Z,synthetic_quantum,504,0.958,0.9455,0.9292,0.5128,801.6,512,14
2026-04-23T15:03:27.091625Z,synthetic_quantum,486,0.9093,0.901,0.8824,0.4585,1631.13,1024,9
2026-04-23T15:04:53.514106Z,synthetic_quantum,473,0.9851,0.9666,0.9734,0.5319,964.97,512,11
2026-04-23T15:04:42.321022Z,synthetic_quantum,517,0.9779,0.9717,0.9436,0.4817,958.57,512,11
2026-04-23T15:04:04.258396Z,synthetic_quantum,168,0.9796,0.9667,0.8725,0.4912,1467.65,1024,8
2026-04-23T15:04:24.356706Z,synthetic_quantum,516,0.9529,0.9405,0.8824,0.5399,2343.6,1024,12
2026-04-23T15:03:52.095923Z,synthetic_quantum,1075,0.6145,0.6122,0.5968,0.5286,1236.75,256,25
2026-04-23T15:03:52.444214Z,synthetic_quantum,345,0.9906,0.9901,0.9714,0.4565,662.16,512,15
2026-04-23T15:03:14.675588Z,synthetic_quantum,684,0.9615,0.9536,0.9423,0.533,873.99,512,19
2026-04-23T15:04:11.086959Z,synthetic_quantum,966,0.9586,0.9585,0.8565,0.5054,2580.1,1024,21
2026-04-23T15:03:04.148902Z,synthetic_quantum,1770,0.822,0.8118,0.7863,0.5048,3703.4,1024,30
2026-04-23T15:04:14.486221Z,synthetic_quantum,294,0.6178,0.6132,0.5453,0.4979,1639.49,1024,14
2026-04-23T15:03:16.949384Z,synthetic_quantum,1276,0.9878,0.9688,0.9537,0.5389,1462.11,1024,22
2026-04-23T15:05:14.659339Z,synthetic_quantum,609,0.9821,0.9806,0.9573,0.5272,1921.14,512,21
2026-04-23T15:04:02.844914Z,synthetic_quantum,1792,0.9781,0.962,0.9236,0.479,2891.98,1024,28
2026-04-23T15:04:57.252876Z,synthetic_quantum,605,0.9894,0.9748,0.9299,0.5263,716.41,512,11
2026-04-23T15:05:04.906483Z,synthetic_quantum,1400,0.9826,0.9649,0.8802,0.5466,1393.69,512,28
2026-04-23T15:04:07.304309Z,synthetic_quantum,1128,0.7379,0.7351,0.6445,0.5198,2355.67,1024,24
2026-04-23T15:04:56.089076Z,synthetic_quantum,1800,0.9714,0.9544,0.8342,0.5281,891.27,256,30
2026-04-23T15:05:24.478494Z,synthetic_quantum,658,0.9975,0.98,0.9299,0.4522,1160.52,1024,14
2026-04-23T15:04:16.986556Z,synthetic_quantum,468,0.9648,0.9606,0.8355,0.5375,883.11,1024,9
2026-04-23T15:04:03.313065Z,synthetic_quantum,1050,0.9974,0.991,0.8537,0.5448,4486.35,1024,30
2026-04-23T15:03:22.485694Z,synthetic_quantum,666,0.6751,0.6682,0.6449,0.472,457.6,256,18
2026-04-23T15:05:16.475617Z,synthetic_quantum,384,0.9618,0.9553,0.8583,0.4506,524.37,512,16
2026-04-23T15:04:32.202725Z,synthetic_quantum,540,0.9811,0.9717,0.9602,0.5166,3642.5,1024,27
2026-04-23T15:04:34.567867Z,synthetic_quantum,728,0.9894,0.9861,0.9742,0.4802,480.15,1024,14
2026-04-23T15:05:28.282327Z,synthetic_quantum,640,0.986,0.9843,0.9599,0.5405,1207.14,1024,16
2026-04-23T15:04:25.619400Z,synthetic_quantum,1248,0.9969,0.9938,0.9705,0.4966,2444.67,1024,26
2026-04-23T15:03:31.768860Z,synthetic_quantum,288,0.9704,0.952,0.8684,0.491,430.03,256,16
2026-04-23T15:04:19.301615Z,synthetic_quantum,323,0.9846,0.9781,0.9156,0.5489,354.91,512,19
2026-04-23T15:05:35.085988Z,synthetic_quantum,310,0.9766,0.9685,0.8389,0.5415,397.59,256,10
2026-04-23T15:05:56.115818Z,synthetic_quantum,957,0.9689,0.9601,0.8528,0.518,1025.1,256,29
2026-04-23T15:05:23.485121Z,synthetic_quantum,954,0.967,0.9611,0.9053,0.5225,3515.15,1024,18
2026-04-23T15:05:22.264082Z,synthetic_quantum,1224,0.9676,0.9671,0.8655,0.4868,1115.34,256,24
2026-04-23T15:04:03.679708Z,synthetic_quantum,480,0.9907,0.9759,0.8988,0.4617,2124.98,1024,12
2026-04-23T15:05:41.596874Z,synthetic_quantum,1464,0.5238,0.5154,0.4817,0.4704,829.87,256,24
2026-04-23T15:04:25.546374Z,synthetic_quantum,323,0.9978,0.9916,0.8564,0.5296,1341.94,1024,19
2026-04-23T15:04:22.628560Z,synthetic_quantum,697,0.8689,0.8617,0.809,0.5263,1649.2,512,17
2026-04-23T15:04:09.509862Z,synthetic_quantum,1403,0.9912,0.9804,0.854,0.5306,823.65,256,23
2026-04-23T15:04:34.416076Z,synthetic_quantum,702,0.5163,0.5105,0.5046,0.489,859.31,512,27
2026-04-23T15:05:02.476741Z,synthetic_quantum,1012,0.9643,0.9476,0.8925,0.5297,505.41,512,22
2026-04-23T15:04:30.141523Z,synthetic_quantum,462,0.9573,0.9431,0.8366,0.5457,2398.48,1024,21
2026-04-23T15:05:44.550785Z,synthetic_quantum,384,0.9707,0.9585,0.9106,0.4895,398.0,512,24
2026-04-23T15:06:28.705926Z,synthetic_quantum,861,0.9966,0.9865,0.9233,0.4616,1722.19,1024,21
2026-04-23T15:04:57.110681Z,synthetic_quantum,816,0.9221,0.904,0.8572,0.5208,4358.19,1024,24
2026-04-23T15:06:00.292754Z,synthetic_quantum,1392,0.9555,0.9383,0.8571,0.4566,344.12,256,24
2026-04-23T15:05:24.834862Z,synthetic_quantum,518,0.9883,0.9838,0.9143,0.46,256.56,256,14
2026-04-23T15:04:12.340459Z,synthetic_quantum,700,0.9835,0.969,0.9335,0.5143,109.76,512,25
2026-04-23T15:04:45.961881Z,synthetic_quantum,1073,0.9159,0.9109,0.8746,0.5403,5025.12,1024,29
2026-04-23T15:05:15.069736Z,synthetic_quantum,594,0.9504,0.9336,0.8551,0.5158,824.85,512,27
2026-04-23T15:04:15.590760Z,synthetic_quantum,1488,0.9902,0.988,0.8741,0.4888,485.42,256,24
2026-04-23T15:04:32.634100Z,synthetic_quantum,476,0.9927,0.9904,0.8678,0.5067,766.36,256,17
2026-04-23T15:03:41.432557Z,synthetic_quantum,561,0.952,0.9511,0.8637,0.4868,2072.04,1024,11
2026-04-23T15:03:55.119781Z,synthetic_quantum,1080,0.7244,0.7121,0.6526,0.4841,1719.88,512,27
2026-04-23T15:04:33.089596Z,synthetic_quantum,396,0.9849,0.9837,0.9279,0.4779,206.14,512,22
2026-04-23T15:03:38.278829Z,synthetic_quantum,1144,0.6736,0.6668,0.5926,0.4626,791.2,512,22
2026-04-23T15:04:28.767558Z,synthetic_quantum,888,0.9546,0.942,0.9352,0.4808,221.04,256,24
2026-04-23T15:03:48.231827Z,synthetic_quantum,1044,0.5487,0.5483,0.5148,0.5354,2823.42,1024,18
2026-04-23T15:04:18.950516Z,synthetic_quantum,768,0.9804,0.9627,0.896,0.5179,1959.92,512,24
2026-04-23T15:04:44.829707Z,synthetic_quantum,340,0.9778,0.9601,0.9122,0.5269,1621.33,1024,20
2026-04-23T15:06:12.602005Z,synthetic_quantum,640,0.9653,0.9607,0.8706,0.4565,188.87,512,16
2026-04-23T15:06:53.291522Z,synthetic_quantum,667,0.9054,0.8896,0.8928,0.5247,3262.28,1024,29
2026-04-23T15:06:18.460288Z,synthetic_quantum,714,0.9929,0.9746,0.8631,0.5456,208.58,256,17
2026-04-23T15:06:25.507527Z,synthetic_quantum,550,0.9892,0.9857,0.8811,0.5156,172.85,512,10
2026-04-23T15:06:04.909542Z,synthetic_quantum,560,0.961,0.9539,0.9404,0.5492,454.65,256,10
2026-04-23T15:04:05.883601Z,synthetic_quantum,306,0.9909,0.9752,0.9305,0.5013,1942.11,1024,17
2026-04-23T15:05:20.130408Z,synthetic_quantum,176,0.9547,0.9425,0.817,0.5161,330.05,256,11
2026-04-23T15:07:14.920699Z,synthetic_quantum,1020,0.9596,0.9419,0.8399,0.4991,2397.87,1024,20
2026-04-23T15:03:41.441942Z,synthetic_quantum,1323,0.9701,0.9546,0.925,0.5201,3417.31,1024,21
2026-04-23T15:04:38.332062Z,synthetic_quantum,1232,0.9632,0.9504,0.8487,0.4535,1048.5,256,28
2026-04-23T15:06:22.832762Z,synthetic_quantum,550,0.9546,0.9393,0.8543,0.4725,1098.96,512,11
2026-04-23T15:03:33.015074Z,synthetic_quantum,286,0.9903,0.9828,0.9349,0.4693,281.63,256,13
2026-04-23T15:04:57.346869Z,synthetic_quantum,216,0.9822,0.9789,0.8895,0.4825,150.69,1024,12
2026-04-23T15:06:07.213706Z,synthetic_quantum,945,0.9523,0.9358,0.9118,0.538,249.31,1024,21
2026-04-23T15:05:26.619277Z,synthetic_quantum,483,0.9707,0.9647,0.9257,0.512,375.52,256,23
2026-04-23T15:05:27.531198Z,synthetic_quantum,714,0.9552,0.94,0.8158,0.5155,3859.34,1024,21
2026-04-23T15:05:58.833887Z,synthetic_quantum,650,0.9839,0.9817,0.9069,0.5196,269.64,256,25
2026-04-23T15:04:07.683660Z,synthetic_quantum,456,0.9677,0.9657,0.8568,0.5471,601.25,512,24
2026-04-23T15:06:28.701577Z,synthetic_quantum,264,0.9856,0.9762,0.8918,0.4971,1013.32,512,11
2026-04-23T15:03:54.564386Z,synthetic_quantum,504,0.9933,0.9919,0.891,0.5417,1046.96,256,28
2026-04-23T15:07:31.348490Z,synthetic_quantum,425,0.9734,0.973,0.9259,0.5112,374.95,1024,17
2026-04-23T15:04:05.112043Z,synthetic_quantum,770,0.9901,0.9896,0.933,0.5433,2527.58,1024,22
2026-04-23T15:06:25.784755Z,synthetic_quantum,1568,0.9693,0.9645,0.8753,0.4763,2488.11,1024,32
2026-04-23T15:04:18.358303Z,synthetic_quantum,1204,0.9639,0.9558,0.8326,0.4957,1974.98,512,28
2026-04-23T15:05:35.226056Z,synthetic_quantum,1680,0.9836,0.9699,0.968,0.4586,1021.37,256,28
2026-04-23T15:04:09.404190Z,synthetic_quantum,1280,0.9922,0.9796,0.9081,0.5076,1584.12,256,32
2026-04-23T15:04:29.832674Z,synthetic_quantum,795,0.6166,0.6075,0.5758,0.527,706.02,256,15
2026-04-23T15:06:25.761149Z,synthetic_quantum,667,0.9787,0.9654,0.833,0.5236,3709.43,1024,23
2026-04-23T15:07:54.846827Z,synthetic_quantum,442,0.9774,0.976,0.9589,0.5393,592.06,256,13
2026-04-23T15:06:03.747021Z,synthetic_quantum,608,0.9221,0.9143,0.8262,0.5452,656.71,512,19
2026-04-23T15:06:56.767962Z,synthetic_quantum,306,0.5237,0.5197,0.4589,0.4555,221.35,512,9
2026-04-23T15:04:21.697405Z,synthetic_quantum,162,0.9901,0.9723,0.9223,0.4731,352.93,512,9
2026-04-23T15:04:15.791001Z,synthetic_quantum,768,0.9757,0.9616,0.8719,0.5,206.11,512,32
2026-04-23T15:08:05.871517Z,synthetic_quantum,740,0.9527,0.9457,0.8938,0.5242,3397.46,1024,20
2026-04-23T15:05:41.331134Z,synthetic_quantum,840,0.9725,0.9539,0.8815,0.4713,1461.04,1024,24
2026-04-23T15:05:17.405287Z,synthetic_quantum,624,0.9971,0.9831,0.8829,0.5419,310.36,256,16
2026-04-23T15:05:09.717279Z,synthetic_quantum,627,0.9762,0.9738,0.9409,0.4713,159.17,1024,11
2026-04-23T15:07:26.066166Z,synthetic_quantum,300,0.5085,0.5044,0.4594,0.4693,853.68,512,12
2026-04-23T15:06:45.038547Z,synthetic_quantum,1026,0.9577,0.9547,0.9334,0.5352,1621.95,512,19
2026-04-23T15:04:51.790367Z,synthetic_quantum,1170,0.8697,0.8631,0.8018,0.5241,1046.94,256,26
2026-04-23T15:07:33.479549Z,synthetic_quantum,644,0.8872,0.8833,0.8711,0.4863,470.04,512,28
2026-04-23T15:03:53.460489Z,synthetic_quantum,912,0.9847,0.9821,0.9602,0.525,626.61,256,16
2026-04-23T15:03:59.883849Z,synthetic_quantum,620,0.9522,0.938,0.877,0.4658,597.91,256,31
2026-04-23T15:07:04.738624Z,synthetic_quantum,525,0.9589,0.9469,0.8998,0.5299,60.54,256,15
2026-04-23T15:05:36.185412Z,synthetic_quantum,1092,0.9758,0.9677,0.9057,0.4508,799.92,256,26
2026-04-23T15:07:27.865916Z,synthetic_quantum,595,0.9606,0.9554,0.8519,0.514,546.49,512,17
2026-04-23T15:05:03.689287Z,synthetic_quantum,1044,0.9679,0.9588,0.9295,0.506,2489.01,1024,18
2026-04-23T15:06:34.408848Z,synthetic_quantum,1860,0.9624,0.9512,0.8465,0.5159,1410.33,256,31
2026-04-23T15:05:15.933310Z,synthetic_quantum,380,0.751,0.7403,0.69,0.5104,3877.36,1024,20
2026-04-23T15:04:11.993691Z,synthetic_quantum,1311,0.982,0.9708,0.9298,0.5381,2038.8,512,23
2026-04-23T15:06:03.109556Z,synthetic_quantum,832,0.6045,0.5983,0.5228,0.4837,234.81,256,26
2026-04-23T15:07:11.329723Z,synthetic_quantum,768,0.9867,0.9754,0.8847,0.5357,638.84,256,16
2026-04-23T15:08:40.023915Z,synthetic_quantum,1512,0.7713,0.7617,0.7457,0.5111,1055.91,256,24
2026-04-23T15:07:14.944598Z,synthetic_quantum,1426,0.9718,0.9612,0.8726,0.4791,6063.55,1024,31
2026-04-23T15:07:37.044179Z,synthetic_quantum,510,0.9853,0.9794,0.911,0.5256,1171.08,256,30
2026-04-23T15:06:14.527902Z,synthetic_quantum,640,0.8518,0.8494,0.7669,0.475,379.98,256,32
2026-04-23T15:08:00.171273Z,synthetic_quantum,1280,0.9678,0.9645,0.827,0.4661,188.57,256,20
2026-04-23T15:07:07.943055Z,synthetic_quantum,391,0.9963,0.978,0.9488,0.4555,3184.65,1024,23
2026-04-23T15:08:21.880531Z,synthetic_quantum,902,0.9934,0.9817,0.9216,0.5363,626.17,1024,22
2026-04-23T15:05:04.800325Z,synthetic_quantum,891,0.9882,0.9712,0.9488,0.4698,1338.44,256,27
2026-04-23T15:06:16.406234Z,synthetic_quantum,200,0.7985,0.7866,0.714,0.5301,254.15,512,10
2026-04-23T15:07:30.131970Z,synthetic_quantum,1140,0.9931,0.9871,0.948,0.5367,324.76,256,20
2026-04-23T15:04:03.574444Z,synthetic_quantum,476,0.9763,0.97,0.8931,0.4783,942.8,512,28
2026-04-23T15:07:25.271078Z,synthetic_quantum,500,0.988,0.9829,0.878,0.5104,1234.6,256,25
2026-04-23T15:05:14.607112Z,synthetic_quantum,648,0.951,0.9348,0.8271,0.504,830.67,512,24
2026-04-23T15:07:08.650789Z,synthetic_quantum,1102,0.9529,0.9508,0.8241,0.506,2783.93,1024,19
2026-04-23T15:05:07.180123Z,synthetic_quantum,1232,0.9731,0.9664,0.8472,0.5098,2313.65,1024,22
2026-04-23T15:07:42.406546Z,synthetic_quantum,351,0.9979,0.9973,0.8622,0.5456,437.0,512,9
2026-04-23T15:08:04.254929Z,synthetic_quantum,700,0.8336,0.8236,0.7447,0.4572,2654.96,512,28
2026-04-23T15:07:29.312907Z,synthetic_quantum,512,0.6693,0.6642,0.6578,0.4725,1008.93,1024,8
2026-04-23T15:05:51.675133Z,synthetic_quantum,950,0.9858,0.9718,0.9577,0.4927,761.39,1024,19
2026-04-23T15:04:06.641217Z,synthetic_quantum,1080,0.719,0.705,0.6675,0.4586,1643.46,1024,27
2026-04-23T15:09:07.442433Z,synthetic_quantum,899,0.9831,0.965,0.8366,0.4928,1818.1,512,31
2026-04-23T15:04:42.255696Z,synthetic_quantum,1643,0.9673,0.9523,0.8537,0.5462,2281.82,512,31
2026-04-23T15:07:59.440784Z,synthetic_quantum,1248,0.9979,0.9816,0.9805,0.5075,871.05,1024,24
2026-04-23T15:08:17.630937Z,synthetic_quantum,360,0.8341,0.8254,0.7908,0.4934,188.31,256,12
2026-04-23T15:08:14.378243Z,synthetic_quantum,540,0.991,0.9858,0.8525,0.5092,220.27,256,9
2026-04-23T15:05:18.620664Z,synthetic_quantum,1127,0.9565,0.9383,0.8364,0.5097,1334.18,1024,23
2026-04-23T15:07:52.672109Z,synthetic_quantum,480,0.9904,0.9807,0.9488,0.4915,939.07,512,10
2026-04-23T15:07:59.695000Z,synthetic_quantum,528,0.8242,0.8187,0.7185,0.4921,310.43,1024,12
2026-04-23T15:05:27.111822Z,synthetic_quantum,715,0.9651,0.9568,0.8502,0.517,269.49,512,13
2026-04-23T15:05:44.191134Z,synthetic_quantum,713,0.9736,0.9575,0.8279,0.5134,695.68,512,31
2026-04-23T15:04:54.827045Z,synthetic_quantum,360,0.9539,0.9501,0.8679,0.5182,341.0,512,10
2026-04-23T15:07:26.464483Z,synthetic_quantum,504,0.9926,0.9909,0.9438,0.527,644.34,256,24
2026-04-23T15:07:18.456076Z,synthetic_quantum,1891,0.971,0.9626,0.9077,0.5311,4977.93,1024,31
2026-04-23T15:09:22.444722Z,synthetic_quantum,470,0.9535,0.9386,0.835,0.5404,462.4,256,10
2026-04-23T15:05:07.701039Z,synthetic_quantum,559,0.9533,0.9449,0.8572,0.4844,149.78,256,13
2026-04-23T15:05:51.175367Z,synthetic_quantum,462,0.9551,0.9496,0.9295,0.544,454.1,512,14
2026-04-23T15:06:39.244189Z,synthetic_quantum,516,0.9976,0.9803,0.8937,0.4864,44.18,512,12
2026-04-23T15:04:43.273422Z,synthetic_quantum,540,0.9871,0.9751,0.9046,0.5,2920.3,1024,27
2026-04-23T15:04:45.375495Z,synthetic_quantum,840,0.7915,0.7881,0.7803,0.5452,222.74,256,24
2026-04-23T15:04:16.919577Z,synthetic_quantum,578,0.9912,0.9885,0.8746,0.4658,92.23,512,17
2026-04-23T15:06:27.797002Z,synthetic_quantum,256,0.9042,0.9011,0.8439,0.4682,403.02,512,16
2026-04-23T15:07:20.848920Z,synthetic_quantum,162,0.9174,0.9111,0.8842,0.537,435.35,512,9
2026-04-23T15:09:56.405182Z,synthetic_quantum,600,0.9526,0.9436,0.8159,0.5206,1057.79,256,30
2026-04-23T15:06:22.092314Z,synthetic_quantum,572,0.9834,0.9815,0.883,0.4943,1154.52,256,26
2026-04-23T15:06:38.330347Z,synthetic_quantum,344,0.9924,0.9804,0.9401,0.4999,191.85,1024,8
2026-04-23T15:06:52.621198Z,synthetic_quantum,570,0.9591,0.9439,0.8724,0.4677,724.19,512,30
2026-04-23T15:09:03.664803Z,synthetic_quantum,1134,0.9621,0.9458,0.8707,0.4969,429.3,512,21
2026-04-23T15:06:09.579777Z,synthetic_quantum,160,0.7506,0.7456,0.6408,0.5021,606.54,512,10
2026-04-23T15:09:38.896128Z,synthetic_quantum,480,0.965,0.9587,0.9182,0.4515,429.04,256,10
2026-04-23T15:09:58.793209Z,synthetic_quantum,470,0.9958,0.9856,0.9525,0.5425,892.68,512,10
2026-04-23T15:07:19.451408Z,synthetic_quantum,987,0.9782,0.9661,0.9212,0.4839,367.0,256,21
2026-04-23T15:09:11.683453Z,synthetic_quantum,962,0.9834,0.9713,0.951,0.4909,49.04,256,26
2026-04-23T15:09:29.952749Z,synthetic_quantum,896,0.9537,0.9445,0.8341,0.4804,111.79,256,32
2026-04-23T15:05:43.799154Z,synthetic_quantum,1092,0.9649,0.951,0.909,0.4855,2302.9,512,26
2026-04-23T15:08:34.681102Z,synthetic_quantum,396,0.5509,0.5498,0.4976,0.4977,1469.02,1024,18
2026-04-23T15:10:17.465191Z,synthetic_quantum,1350,0.9771,0.9682,0.8386,0.4861,876.25,512,30
2026-04-23T15:05:17.389046Z,synthetic_quantum,1200,0.9595,0.948,0.919,0.5432,547.83,256,24
2026-04-23T15:04:28.571625Z,synthetic_quantum,416,0.9518,0.934,0.8619,0.5286,2041.37,512,26
2026-04-23T15:07:04.526713Z,synthetic_quantum,806,0.9699,0.9506,0.8816,0.4858,1280.99,256,31
2026-04-23T15:08:48.479765Z,synthetic_quantum,1430,0.9939,0.9895,0.9429,0.5176,2113.92,512,26
2026-04-23T15:05:55.976224Z,synthetic_quantum,1230,0.9864,0.9774,0.9302,0.475,1297.11,1024,30
2026-04-23T15:10:14.461806Z,synthetic_quantum,648,0.9824,0.9808,0.8984,0.5335,1613.79,512,18
2026-04-23T15:10:00.015033Z,synthetic_quantum,610,0.9726,0.9688,0.8907,0.4767,329.9,256,10
2026-04-23T15:07:38.864034Z,synthetic_quantum,616,0.9742,0.9733,0.9438,0.459,468.65,256,11
2026-04-23T15:08:58.347325Z,synthetic_quantum,396,0.9628,0.9516,0.851,0.4609,228.9,1024,9
2026-04-23T15:06:36.855969Z,synthetic_quantum,840,0.7302,0.7175,0.7072,0.4588,2084.23,1024,20
2026-04-23T15:10:16.794410Z,synthetic_quantum,483,0.5704,0.5603,0.4961,0.4785,675.59,1024,23
2026-04-23T15:07:41.037743Z,synthetic_quantum,520,0.9956,0.9764,0.8936,0.4675,243.91,256,26
2026-04-23T15:09:50.423894Z,synthetic_quantum,480,0.7442,0.735,0.6414,0.4912,12.64,256,8
2026-04-23T15:11:03.297070Z,synthetic_quantum,650,0.9558,0.9444,0.8414,0.4722,156.33,1024,25
2026-04-23T15:08:20.316029Z,synthetic_quantum,1150,0.9968,0.9821,0.9444,0.5491,301.16,256,25
2026-04-23T15:09:01.379673Z,synthetic_quantum,714,0.9836,0.9807,0.8591,0.5424,1161.02,512,14
2026-04-23T15:06:43.813282Z,synthetic_quantum,2048,0.9621,0.9548,0.9192,0.5074,861.52,256,32
2026-04-23T15:09:29.568964Z,synthetic_quantum,368,0.9554,0.9405,0.8937,0.4547,418.56,512,8
2026-04-23T15:05:34.908234Z,synthetic_quantum,954,0.5673,0.5648,0.5507,0.4774,3113.18,1024,18
2026-04-23T15:09:25.499344Z,synthetic_quantum,1300,0.6897,0.6789,0.5922,0.4729,2161.33,1024,25
2026-04-23T15:06:44.157533Z,synthetic_quantum,690,0.9507,0.94,0.9094,0.4618,595.18,256,23
2026-04-23T15:08:03.283801Z,synthetic_quantum,874,0.9758,0.9635,0.9459,0.4643,2356.66,1024,19
2026-04-23T15:06:37.125091Z,synthetic_quantum,560,0.9851,0.9788,0.8839,0.5418,2073.02,1024,14
2026-04-23T15:08:00.975009Z,synthetic_quantum,1080,0.9777,0.971,0.8761,0.5059,170.2,512,18
2026-04-23T15:08:56.216322Z,synthetic_quantum,767,0.9687,0.9521,0.8774,0.4652,1872.78,1024,13
2026-04-23T15:09:53.295905Z,synthetic_quantum,987,0.9966,0.9802,0.8884,0.4589,1651.78,512,21
2026-04-23T15:05:34.749975Z,synthetic_quantum,1160,0.9669,0.9594,0.9253,0.5468,3855.53,1024,20
2026-04-23T15:08:06.420083Z,synthetic_quantum,260,0.9667,0.9494,0.8407,0.4584,538.72,1024,10
2026-04-23T15:08:41.019702Z,synthetic_quantum,630,0.7583,0.7538,0.7253,0.518,304.19,256,18
2026-04-23T15:07:37.816256Z,synthetic_quantum,1568,0.6446,0.6432,0.6269,0.5263,1170.57,1024,32
2026-04-23T15:10:02.415070Z,synthetic_quantum,1410,0.6321,0.6279,0.5574,0.4943,5379.07,1024,30
2026-04-23T15:10:14.627036Z,synthetic_quantum,930,0.9953,0.9822,0.9464,0.4782,2330.36,512,31
2026-04-23T15:11:40.540111Z,synthetic_quantum,625,0.7544,0.7525,0.6449,0.4744,904.14,256,25
2026-04-23T15:10:18.083509Z,synthetic_quantum,740,0.9527,0.9382,0.8929,0.4587,374.23,256,20
2026-04-23T15:09:32.143969Z,synthetic_quantum,1450,0.954,0.9535,0.8897,0.4841,1215.34,512,25
2026-04-23T15:08:17.403368Z,synthetic_quantum,1891,0.9979,0.9807,0.9732,0.4734,2294.96,512,31
2026-04-23T15:06:30.169612Z,synthetic_quantum,288,0.9905,0.9777,0.9491,0.4743,3384.47,1024,18
2026-04-23T15:10:29.089155Z,synthetic_quantum,924,0.6551,0.6468,0.5667,0.5315,220.02,256,21
2026-04-23T15:11:47.985550Z,synthetic_quantum,1062,0.9878,0.9798,0.8808,0.4983,815.31,512,18
2026-04-23T15:05:59.565746Z,synthetic_quantum,1311,0.9919,0.9753,0.8934,0.4649,411.96,256,23
2026-04-23T15:08:22.546224Z,synthetic_quantum,663,0.9666,0.9554,0.8356,0.546,647.79,256,13
2026-04-23T15:11:42.628523Z,synthetic_quantum,506,0.989,0.9782,0.904,0.4742,795.03,1024,22
2026-04-23T15:10:55.196701Z,synthetic_quantum,782,0.6183,0.6168,0.6046,0.5186,1935.32,1024,17
2026-04-23T15:09:34.760769Z,synthetic_quantum,1891,0.9673,0.9507,0.9423,0.4568,706.1,512,31
2026-04-23T15:11:03.143308Z,synthetic_quantum,1020,0.9709,0.954,0.8674,0.5112,648.8,512,17
2026-04-23T15:07:37.444885Z,synthetic_quantum,572,0.9671,0.9643,0.8961,0.4923,590.14,512,11
2026-04-23T15:08:56.249658Z,synthetic_quantum,780,0.9643,0.9541,0.851,0.5212,1890.51,512,26
2026-04-23T15:08:05.955511Z,synthetic_quantum,819,0.9888,0.9819,0.9415,0.4584,732.58,1024,21
2026-04-23T15:11:44.373190Z,synthetic_quantum,1050,0.9794,0.9725,0.9164,0.5399,773.85,256,21
2026-04-23T15:11:43.245228Z,synthetic_quantum,448,0.9674,0.9635,0.9479,0.4626,427.84,512,8
2026-04-23T15:11:28.373473Z,synthetic_quantum,444,0.9769,0.9765,0.9592,0.5319,1157.41,512,12
2026-04-23T15:05:14.248498Z,synthetic_quantum,1408,0.9638,0.9472,0.9492,0.4683,1473.13,256,32
2026-04-23T15:05:47.899331Z,synthetic_quantum,1440,0.765,0.7597,0.7529,0.5191,2894.4,512,32
2026-04-23T15:06:26.867766Z,synthetic_quantum,424,0.9634,0.9514,0.8235,0.5409,41.81,256,8
2026-04-23T15:10:52.903670Z,synthetic_quantum,732,0.937,0.9266,0.8239,0.4955,57.81,256,12
2026-04-23T15:05:21.955263Z,synthetic_quantum,328,0.9181,0.9172,0.8911,0.519,349.92,256,8
2026-04-23T15:10:49.616348Z,synthetic_quantum,171,0.9763,0.9601,0.9033,0.4679,222.81,1024,9
2026-04-23T15:11:56.597556Z,synthetic_quantum,1080,0.9563,0.9495,0.8998,0.4852,272.03,256,24
2026-04-23T15:06:47.468331Z,synthetic_quantum,1000,0.9971,0.9958,0.8665,0.5025,2015.4,1024,20
2026-04-23T15:07:26.193211Z,synthetic_quantum,854,0.9936,0.9745,0.9297,0.5056,2446.31,1024,14
2026-04-23T15:06:07.532585Z,synthetic_quantum,252,0.697,0.6951,0.6549,0.4835,115.73,512,14
2026-04-23T15:06:39.409169Z,synthetic_quantum,520,0.9618,0.9437,0.8989,0.5399,159.71,256,13
2026-04-23T15:09:20.544338Z,synthetic_quantum,180,0.9921,0.9871,0.8729,0.4868,475.18,1024,9
2026-04-23T15:12:23.251962Z,synthetic_quantum,351,0.9712,0.9569,0.8508,0.529,1711.08,1024,9
2026-04-23T15:05:19.312306Z,synthetic_quantum,1344,0.9687,0.963,0.8776,0.5279,704.87,1024,32
2026-04-23T15:05:26.068414Z,synthetic_quantum,837,0.9787,0.9617,0.9668,0.4782,3714.3,1024,31
2026-04-23T15:06:10.402182Z,synthetic_quantum,1083,0.9503,0.9344,0.9282,0.5267,576.8,1024,19
2026-04-23T15:09:01.778114Z,synthetic_quantum,483,0.9817,0.9803,0.8357,0.4805,83.22,256,21
2026-04-23T15:09:54.808487Z,synthetic_quantum,180,0.965,0.9611,0.8638,0.5143,497.26,512,10
2026-04-23T15:07:28.161097Z,synthetic_quantum,1392,0.9545,0.9449,0.8934,0.4746,1442.88,512,29
2026-04-23T15:11:39.316381Z,synthetic_quantum,486,0.9723,0.9555,0.9469,0.4517,571.14,512,18
2026-04-23T15:07:19.855928Z,synthetic_quantum,648,0.9516,0.9473,0.8436,0.486,365.42,256,18
2026-04-23T15:06:45.160121Z,synthetic_quantum,390,0.9807,0.9702,0.9423,0.4795,420.64,256,15
2026-04-23T15:07:16.315675Z,synthetic_quantum,1653,0.9864,0.9721,0.8898,0.4509,633.63,256,29
2026-04-23T15:09:23.605872Z,synthetic_quantum,528,0.5646,0.5598,0.5218,0.4912,366.56,256,12
2026-04-23T15:05:34.125643Z,synthetic_quantum,400,0.9716,0.9642,0.8614,0.4784,2166.95,1024,25
2026-04-23T15:08:37.525892Z,synthetic_quantum,722,0.9621,0.9612,0.8786,0.4966,631.06,256,19
2026-04-23T15:05:06.436546Z,synthetic_quantum,230,0.9557,0.9547,0.846,0.515,28.27,512,10
2026-04-23T15:05:12.110414Z,synthetic_quantum,460,0.9895,0.9799,0.9634,0.4558,1470.63,1024,20
2026-04-23T15:09:53.983711Z,synthetic_quantum,741,0.8765,0.871,0.854,0.5281,248.71,256,13
2026-04-23T15:05:44.539043Z,synthetic_quantum,567,0.9534,0.9364,0.8176,0.4616,144.81,512,9
2026-04-23T15:05:16.559606Z,synthetic_quantum,1325,0.9929,0.9874,0.9344,0.5287,1393.68,512,25
2026-04-23T15:08:59.340772Z,synthetic_quantum,1050,0.9774,0.9588,0.8586,0.5442,454.44,512,25
2026-04-23T15:11:38.131850Z,synthetic_quantum,740,0.9934,0.9879,0.9367,0.5257,186.38,1024,20
2026-04-23T15:09:35.013842Z,synthetic_quantum,882,0.5236,0.5195,0.5018,0.5359,2072.08,512,21
2026-04-23T15:08:35.543601Z,synthetic_quantum,936,0.9547,0.9513,0.9234,0.4769,2913.99,1024,26
2026-04-23T15:09:35.203616Z,synthetic_quantum,792,0.9685,0.964,0.9115,0.5452,985.02,512,24
2026-04-23T15:11:12.589976Z,synthetic_quantum,1792,0.9513,0.9494,0.8204,0.4715,1878.52,512,28
2026-04-23T15:05:39.091212Z,synthetic_quantum,1092,0.9882,0.9799,0.9517,0.5485,650.5,512,28
2026-04-23T15:12:40.381044Z,synthetic_quantum,644,0.99,0.9703,0.9558,0.4891,648.18,1024,14
2026-04-23T15:09:11.217981Z,synthetic_quantum,1500,0.9547,0.9389,0.9328,0.4658,1070.25,512,25
2026-04-23T15:06:15.719665Z,synthetic_quantum,1125,0.9755,0.9729,0.8591,0.5361,1387.95,512,25
2026-04-23T15:06:13.877981Z,synthetic_quantum,885,0.8749,0.8638,0.7508,0.4814,1283.5,512,15
2026-04-23T15:10:26.586150Z,synthetic_quantum,1008,0.7162,0.7138,0.6882,0.5469,539.38,1024,16
2026-04-23T15:10:28.669794Z,synthetic_quantum,725,0.9805,0.9755,0.8985,0.5322,665.77,256,29
2026-04-23T15:13:04.952774Z,synthetic_quantum,306,0.9669,0.9545,0.9184,0.5083,56.56,512,9
2026-04-23T15:11:58.756339Z,synthetic_quantum,1525,0.9919,0.9848,0.8687,0.5447,602.94,256,25
2026-04-23T15:07:25.596749Z,synthetic_quantum,1464,0.9877,0.9827,0.8732,0.4853,1121.67,256,24
2026-04-23T15:12:05.398573Z,synthetic_quantum,855,0.707,0.6991,0.6245,0.5485,1172.99,1024,15
2026-04-23T15:09:36.472494Z,synthetic_quantum,1612,0.9607,0.9589,0.9272,0.5013,2665.67,512,31
2026-04-23T15:07:33.607962Z,synthetic_quantum,780,0.9866,0.9741,0.9454,0.5437,525.15,256,13
2026-04-23T15:06:35.215579Z,synthetic_quantum,477,0.9572,0.9392,0.8905,0.5372,441.31,1024,9
2026-04-23T15:13:50.502740Z,synthetic_quantum,900,0.9626,0.9581,0.8528,0.4801,4099.27,1024,30
2026-04-23T15:05:42.647051Z,synthetic_quantum,450,0.9896,0.9849,0.8661,0.4913,432.39,256,25
2026-04-23T15:11:33.401220Z,synthetic_quantum,1458,0.968,0.9604,0.8546,0.4943,4157.78,1024,27
2026-04-23T15:10:56.820668Z,synthetic_quantum,574,0.9794,0.9602,0.951,0.5144,2422.28,1024,14
2026-04-23T15:11:51.835092Z,synthetic_quantum,640,0.6888,0.6886,0.6049,0.4681,411.55,512,10
2026-04-23T15:08:27.109084Z,synthetic_quantum,1560,0.8642,0.8605,0.7775,0.5364,3144.8,1024,30
2026-04-23T15:08:42.072986Z,synthetic_quantum,1073,0.99,0.9837,0.9296,0.5377,2390.79,512,29
2026-04-23T15:06:28.221821Z,synthetic_quantum,704,0.9603,0.9472,0.8819,0.5385,308.66,256,32
2026-04-23T15:05:59.283371Z,synthetic_quantum,1488,0.8693,0.8668,0.7606,0.5111,712.6,1024,31
2026-04-23T15:09:27.149060Z,synthetic_quantum,342,0.981,0.9649,0.8512,0.4733,204.17,256,9
2026-04-23T15:12:11.495177Z,synthetic_quantum,1281,0.9971,0.9877,0.9372,0.4561,196.44,256,21
2026-04-23T15:14:14.605134Z,synthetic_quantum,594,0.9675,0.9585,0.8488,0.5487,286.72,512,27
2026-04-23T15:10:20.496708Z,synthetic_quantum,407,0.9831,0.9822,0.8564,0.5256,27.87,512,11
2026-04-23T15:08:12.551557Z,synthetic_quantum,279,0.9909,0.988,0.9045,0.4689,566.65,512,9
2026-04-23T15:10:10.210599Z,synthetic_quantum,1008,0.9824,0.9818,0.9164,0.5256,1111.61,512,18
2026-04-23T15:07:32.430104Z,synthetic_quantum,806,0.9899,0.98,0.8445,0.515,170.07,1024,26
2026-04-23T15:14:32.520849Z,synthetic_quantum,600,0.9718,0.966,0.9533,0.5141,1123.97,512,12
2026-04-23T15:06:06.085064Z,synthetic_quantum,1472,0.8166,0.8101,0.7572,0.5185,702.0,256,23
2026-04-23T15:09:40.840268Z,synthetic_quantum,1188,0.9961,0.9797,0.9277,0.5374,231.57,512,27
2026-04-23T15:10:59.410196Z,synthetic_quantum,1653,0.9812,0.9632,0.8983,0.5481,222.37,512,29
2026-04-23T15:13:45.255266Z,synthetic_quantum,742,0.9544,0.9483,0.8316,0.4595,873.91,1024,14
2026-04-23T15:12:09.586773Z,synthetic_quantum,1161,0.9744,0.97,0.8654,0.5298,4624.4,1024,27
2026-04-23T15:14:12.577447Z,synthetic_quantum,1386,0.997,0.9953,0.8477,0.4746,424.25,256,22
2026-04-23T15:06:32.359163Z,synthetic_quantum,493,0.9673,0.9637,0.8321,0.4589,1267.02,1024,17
2026-04-23T15:14:02.936205Z,synthetic_quantum,153,0.9585,0.9419,0.9117,0.5056,246.83,512,9
2026-04-23T15:10:50.894912Z,synthetic_quantum,1200,0.9652,0.952,0.9034,0.4599,1541.03,512,24
2026-04-23T15:11:44.805930Z,synthetic_quantum,423,0.9707,0.9594,0.9277,0.4746,242.64,256,9
2026-04-23T15:09:01.793872Z,synthetic_quantum,1134,0.5962,0.5887,0.5648,0.525,2258.41,512,27
2026-04-23T15:13:49.647253Z,synthetic_quantum,1536,0.5179,0.5176,0.4729,0.5216,72.14,256,24
2026-04-23T15:09:16.424664Z,synthetic_quantum,476,0.9748,0.9671,0.8835,0.5253,1106.33,512,28
2026-04-23T15:10:06.852930Z,synthetic_quantum,1568,0.5327,0.5262,0.4878,0.4627,606.51,256,28
2026-04-23T15:09:46.277893Z,synthetic_quantum,465,0.9892,0.9891,0.9097,0.5401,720.95,512,15
2026-04-23T15:12:20.978633Z,synthetic_quantum,1586,0.9671,0.9541,0.8688,0.4904,4118.69,1024,26
2026-04-23T15:12:00.369297Z,synthetic_quantum,1276,0.6568,0.6473,0.5996,0.4913,1078.97,256,22
2026-04-23T15:10:10.065291Z,synthetic_quantum,128,0.8999,0.8951,0.8576,0.4561,271.99,1024,8
2026-04-23T15:11:49.847435Z,synthetic_quantum,480,0.9959,0.9772,0.8514,0.5219,2760.71,1024,15
2026-04-23T15:14:40.621764Z,synthetic_quantum,1984,0.9904,0.978,0.8803,0.4619,1358.23,256,32
2026-04-23T15:07:46.960612Z,synthetic_quantum,1344,0.9522,0.9489,0.8841,0.507,1070.0,1024,21
2026-04-23T15:08:34.097152Z,synthetic_quantum,160,0.9601,0.9523,0.8671,0.461,543.09,512,8
2026-04-23T15:06:08.892874Z,synthetic_quantum,495,0.978,0.9724,0.843,0.5342,275.06,256,11
2026-04-23T15:15:21.694188Z,synthetic_quantum,391,0.8423,0.8338,0.7961,0.5218,762.93,512,23
2026-04-23T15:12:01.140007Z,synthetic_quantum,609,0.9695,0.9681,0.9152,0.5278,1943.57,512,21
2026-04-23T15:13:58.666382Z,synthetic_quantum,459,0.9969,0.9785,0.9207,0.5383,1010.21,256,27
2026-04-23T15:14:59.670030Z,synthetic_quantum,969,0.9874,0.9724,0.9378,0.5362,3313.83,1024,19
2026-04-23T15:08:11.825260Z,synthetic_quantum,1120,0.9786,0.9648,0.8492,0.4536,1709.64,512,32
2026-04-23T15:11:03.614430Z,synthetic_quantum,935,0.584,0.5741,0.5556,0.45,663.3,512,17
2026-04-23T15:06:07.957255Z,synthetic_quantum,264,0.978,0.9671,0.8788,0.5484,495.89,256,11
2026-04-23T15:08:22.915563Z,synthetic_quantum,1395,0.96,0.9561,0.8724,0.4787,183.22,1024,31
2026-04-23T15:11:01.259497Z,synthetic_quantum,812,0.9504,0.9481,0.8875,0.4604,817.5,256,28
2026-04-23T15:08:36.928464Z,synthetic_quantum,1102,0.9895,0.9846,0.9437,0.4525,2576.53,1024,19
2026-04-23T15:06:26.569807Z,synthetic_quantum,900,0.9899,0.9814,0.8831,0.4516,1238.99,256,25
2026-04-23T15:12:02.513696Z,synthetic_quantum,605,0.7848,0.7822,0.7717,0.546,173.32,256,11
2026-04-23T15:08:19.804869Z,synthetic_quantum,720,0.974,0.9582,0.9202,0.5455,3322.78,1024,20
2026-04-23T15:06:26.612735Z,synthetic_quantum,392,0.9691,0.9583,0.8558,0.5218,798.74,1024,8
2026-04-23T15:09:26.826564Z,synthetic_quantum,532,0.9559,0.9497,0.9261,0.4851,4314.27,1024,28
2026-04-23T15:12:24.149043Z,synthetic_quantum,928,0.9218,0.9144,0.8639,0.4558,783.82,1024,29
2026-04-23T15:05:45.646296Z,synthetic_quantum,403,0.9803,0.965,0.9226,0.5197,529.23,256,13
2026-04-23T15:13:34.558135Z,synthetic_quantum,925,0.9518,0.9348,0.9029,0.5429,84.56,512,25
2026-04-23T15:07:37.313990Z,synthetic_quantum,250,0.9512,0.9502,0.9084,0.4618,331.88,256,10
2026-04-23T15:11:25.201472Z,synthetic_quantum,1377,0.9975,0.996,0.9344,0.5475,631.02,256,27
2026-04-23T15:15:55.701596Z,synthetic_quantum,1215,0.5673,0.5586,0.5418,0.513,3368.11,1024,27
2026-04-23T15:07:59.760853Z,synthetic_quantum,294,0.617,0.6127,0.556,0.5264,221.32,512,14
2026-04-23T15:06:47.780950Z,synthetic_quantum,636,0.522,0.5147,0.498,0.4796,187.81,256,12
2026-04-23T15:15:15.572383Z,synthetic_quantum,960,0.9652,0.946,0.9042,0.5163,489.63,256,24
2026-04-23T15:08:25.861106Z,synthetic_quantum,649,0.9595,0.95,0.8253,0.4602,463.24,1024,11
2026-04-23T15:13:34.761291Z,synthetic_quantum,385,0.9575,0.9428,0.9043,0.5102,73.72,256,11
2026-04-23T15:11:14.078496Z,synthetic_quantum,693,0.9814,0.9808,0.938,0.4565,164.09,256,21
2026-04-23T15:07:22.378992Z,synthetic_quantum,952,0.9656,0.9512,0.8722,0.4857,211.95,256,17
2026-04-23T15:16:14.221121Z,synthetic_quantum,943,0.9839,0.9833,0.851,0.5395,1673.93,512,23
2026-04-23T15:16:07.312323Z,synthetic_quantum,1008,0.9604,0.9553,0.8907,0.4762,660.43,256,16
2026-04-23T15:08:37.265141Z,synthetic_quantum,420,0.965,0.9574,0.884,0.517,1348.89,512,14
2026-04-23T15:11:19.079133Z,synthetic_quantum,1080,0.9798,0.9642,0.919,0.4675,446.71,256,27
2026-04-23T15:08:43.665012Z,synthetic_quantum,784,0.7536,0.7525,0.7254,0.5223,4369.24,1024,28
2026-04-23T15:08:13.463157Z,synthetic_quantum,700,0.9773,0.9587,0.9291,0.4807,1361.06,512,25
2026-04-23T15:14:21.357174Z,synthetic_quantum,1798,0.9833,0.98,0.9169,0.5458,729.39,256,29
2026-04-23T15:16:29.957785Z,synthetic_quantum,1071,0.9605,0.9456,0.917,0.5116,587.9,256,21
2026-04-23T15:16:24.668043Z,synthetic_quantum,252,0.9851,0.9849,0.8675,0.5031,1124.24,1024,12
2026-04-23T15:06:40.367973Z,synthetic_quantum,315,0.9522,0.95,0.8921,0.5118,611.67,512,15
2026-04-23T15:08:01.317032Z,synthetic_quantum,520,0.9383,0.9379,0.8431,0.4811,799.82,256,20
2026-04-23T15:09:29.920689Z,synthetic_quantum,1290,0.9694,0.9588,0.9589,0.4832,1427.04,256,30
2026-04-23T15:13:17.758559Z,synthetic_quantum,630,0.9863,0.9735,0.9408,0.4998,417.15,256,15
2026-04-23T15:10:52.127036Z,synthetic_quantum,580,0.9696,0.9551,0.8598,0.5129,718.44,256,29
2026-04-23T15:09:11.476336Z,synthetic_quantum,1008,0.9737,0.9577,0.9103,0.5184,2739.27,1024,16
2026-04-23T15:10:40.274045Z,synthetic_quantum,504,0.9646,0.9607,0.8924,0.5224,2326.36,1024,18
2026-04-23T15:15:32.001435Z,synthetic_quantum,1519,0.998,0.9793,0.9241,0.5305,1276.52,512,31
2026-04-23T15:06:57.481117Z,synthetic_quantum,621,0.9817,0.9645,0.8719,0.5378,94.43,512,27
2026-04-23T15:12:48.360945Z,synthetic_quantum,1320,0.9539,0.9365,0.8272,0.4962,1493.0,1024,22
2026-04-23T15:15:26.125039Z,synthetic_quantum,912,0.969,0.9648,0.938,0.4707,98.96,512,24
2026-04-23T15:16:42.585091Z,synthetic_quantum,232,0.9724,0.965,0.8639,0.5212,148.86,1024,8
2026-04-23T15:10:37.906064Z,synthetic_quantum,512,0.5504,0.549,0.5281,0.5108,1194.78,1024,8
2026-04-23T15:14:33.372178Z,synthetic_quantum,1536,0.669,0.6657,0.6579,0.5301,3559.34,1024,24
2026-04-23T15:06:23.708953Z,synthetic_quantum,675,0.9587,0.9502,0.9098,0.4665,4914.27,1024,27
2026-04-23T15:08:45.502373Z,synthetic_quantum,432,0.9591,0.9558,0.9105,0.5059,327.02,256,8
2026-04-23T15:10:40.054636Z,synthetic_quantum,476,0.9716,0.9693,0.9434,0.5344,524.43,1024,14
2026-04-23T15:11:30.599820Z,synthetic_quantum,1248,0.9777,0.9716,0.963,0.4708,2643.09,1024,32
2026-04-23T15:10:25.599929Z,synthetic_quantum,306,0.994,0.9834,0.9753,0.4902,3269.12,1024,17
2026-04-23T15:14:55.580747Z,synthetic_quantum,600,0.9536,0.9474,0.8765,0.5216,3881.97,1024,25
2026-04-23T15:09:08.140702Z,synthetic_quantum,1260,0.9863,0.9732,0.9203,0.5297,269.77,512,30
2026-04-23T15:14:41.869319Z,synthetic_quantum,432,0.9586,0.9435,0.9122,0.5391,1916.61,1024,16
2026-04-23T15:09:47.049505Z,synthetic_quantum,1242,0.8265,0.8245,0.8131,0.5436,725.5,512,23
2026-04-23T15:08:20.604765Z,synthetic_quantum,384,0.659,0.6557,0.6061,0.5373,376.35,256,24
2026-04-23T15:08:25.590316Z,synthetic_quantum,1260,0.9869,0.9727,0.9193,0.4718,85.52,256,21
2026-04-23T15:10:32.743011Z,synthetic_quantum,1376,0.9867,0.9849,0.9387,0.5029,1435.32,512,32
2026-04-23T15:13:47.025873Z,synthetic_quantum,741,0.9791,0.9684,0.908,0.4968,118.61,1024,13
2026-04-23T15:10:27.521858Z,synthetic_quantum,1953,0.9574,0.952,0.8839,0.5412,262.98,512,31
2026-04-23T15:09:37.236055Z,synthetic_quantum,1188,0.9553,0.9506,0.8797,0.5299,3417.9,1024,22
2026-04-23T15:10:47.354804Z,synthetic_quantum,663,0.9911,0.9903,0.879,0.5152,112.84,256,13
2026-04-23T15:06:36.809666Z,synthetic_quantum,522,0.9605,0.9436,0.8202,0.4636,301.85,256,9
2026-04-23T15:09:57.805735Z,synthetic_quantum,935,0.994,0.9778,0.8677,0.482,1285.55,512,17
2026-04-23T15:10:31.562785Z,synthetic_quantum,750,0.9908,0.9752,0.9642,0.5362,1301.0,512,25
2026-04-23T15:09:46.944520Z,synthetic_quantum,1020,0.9972,0.9786,0.9407,0.483,113.21,256,20
2026-04-23T15:16:35.759496Z,synthetic_quantum,1008,0.6509,0.6426,0.5548,0.5048,317.6,512,21
2026-04-23T15:09:39.862058Z,synthetic_quantum,1300,0.978,0.9753,0.8504,0.5006,290.06,256,26
2026-04-23T15:06:13.476451Z,synthetic_quantum,376,0.9673,0.9499,0.8754,0.5327,479.93,512,8
2026-04-23T15:13:41.514703Z,synthetic_quantum,448,0.9791,0.9785,0.9046,0.5134,306.32,512,14
2026-04-23T15:12:47.102693Z,synthetic_quantum,738,0.9973,0.984,0.9753,0.5185,390.09,512,18
2026-04-23T15:08:50.432131Z,synthetic_quantum,814,0.8331,0.8275,0.7393,0.5138,2049.52,512,22
2026-04-23T15:11:00.014148Z,synthetic_quantum,583,0.9692,0.9681,0.889,0.4907,237.34,256,11
2026-04-23T15:14:03.799757Z,synthetic_quantum,189,0.9705,0.9704,0.9311,0.4531,1644.49,1024,9
2026-04-23T15:07:19.309364Z,synthetic_quantum,1216,0.9719,0.9643,0.8328,0.5119,853.71,256,32
2026-04-23T15:17:47.575044Z,synthetic_quantum,425,0.9897,0.9736,0.9782,0.4529,4954.73,1024,25
2026-04-23T15:10:32.905654Z,synthetic_quantum,783,0.9582,0.9549,0.8599,0.5289,4922.08,1024,27
2026-04-23T15:11:09.044324Z,synthetic_quantum,799,0.954,0.9502,0.9395,0.477,689.53,512,17
2026-04-23T15:13:59.209727Z,synthetic_quantum,1500,0.9725,0.9695,0.8296,0.5216,3384.23,1024,30
2026-04-23T15:06:49.861246Z,synthetic_quantum,944,0.9979,0.9922,0.9528,0.5147,224.42,512,16
2026-04-23T15:12:18.238596Z,synthetic_quantum,736,0.9844,0.9834,0.8955,0.4663,2630.75,512,32
2026-04-23T15:13:24.211630Z,synthetic_quantum,638,0.9809,0.9673,0.9132,0.4568,3948.99,1024,22
2026-04-23T15:08:35.549423Z,synthetic_quantum,387,0.9857,0.9744,0.9302,0.4535,62.43,1024,9
2026-04-23T15:16:17.210922Z,synthetic_quantum,792,0.9599,0.948,0.9268,0.5001,1219.38,1024,18
2026-04-23T15:06:27.991442Z,synthetic_quantum,416,0.9749,0.9724,0.9622,0.5048,344.57,256,8
2026-04-23T15:17:22.572541Z,synthetic_quantum,620,0.9883,0.9737,0.8564,0.5447,1744.79,1024,10
2026-04-23T15:10:29.185325Z,synthetic_quantum,1127,0.9725,0.956,0.9375,0.5241,817.81,512,23
2026-04-23T15:13:04.432480Z,synthetic_quantum,1037,0.97,0.9551,0.9247,0.5432,773.8,512,17
2026-04-23T15:11:24.503397Z,synthetic_quantum,800,0.986,0.9826,0.945,0.5052,1193.9,512,20
2026-04-23T15:08:40.981068Z,synthetic_quantum,351,0.9524,0.9455,0.9182,0.4659,210.41,256,9
2026-04-23T15:13:15.164911Z,synthetic_quantum,1798,0.9574,0.9407,0.8641,0.5272,286.56,256,31
2026-04-23T15:12:23.231036Z,synthetic_quantum,676,0.9769,0.9618,0.9125,0.5167,194.21,256,13
2026-04-23T15:07:13.824788Z,synthetic_quantum,752,0.9044,0.8934,0.8399,0.541,2373.33,1024,16
2026-04-23T15:17:26.271630Z,synthetic_quantum,768,0.6147,0.6028,0.5498,0.5302,2702.41,1024,16
2026-04-23T15:07:28.587450Z,synthetic_quantum,1040,0.9509,0.9433,0.8828,0.4722,2554.96,1024,26
2026-04-23T15:16:09.510102Z,synthetic_quantum,1008,0.9781,0.9645,0.9024,0.4935,1278.05,512,28
2026-04-23T15:16:37.439626Z,synthetic_quantum,900,0.9789,0.9724,0.9633,0.4634,1706.58,1024,20
2026-04-23T15:08:57.734842Z,synthetic_quantum,1475,0.9917,0.9867,0.8944,0.5047,104.19,256,25
2026-04-23T15:18:21.181593Z,synthetic_quantum,540,0.9939,0.9743,0.8499,0.5346,3286.6,1024,18
2026-04-23T19:58:33.538061Z,synthetic_quantum,299,0.991,0.9732,0.9498,0.4888,909.94,1024,13
2026-04-23T19:58:35.055704Z,synthetic_quantum,637,0.9883,0.976,0.9733,0.5166,2586.9,1024,13
2026-04-23T19:58:36.763824Z,synthetic_quantum,600,0.9881,0.9776,0.9149,0.4882,591.62,512,20
2026-04-23T19:58:35.956021Z,synthetic_quantum,624,0.9062,0.894,0.8026,0.497,203.88,256,24
2026-04-23T19:58:40.984985Z,synthetic_quantum,672,0.7022,0.7021,0.6014,0.5197,580.61,256,14
2026-04-23T19:58:41.557743Z,synthetic_quantum,704,0.9761,0.9601,0.9369,0.5279,4150.43,1024,22
2026-04-23T19:58:40.218814Z,synthetic_quantum,1500,0.5211,0.5155,0.4576,0.5048,3651.78,1024,30
2026-04-23T19:58:42.746961Z,synthetic_quantum,1425,0.9888,0.9849,0.8708,0.5176,563.83,256,25
2026-04-23T19:58:40.040835Z,synthetic_quantum,341,0.9547,0.953,0.8592,0.5335,2061.08,1024,11
2026-04-23T19:58:50.538218Z,synthetic_quantum,1210,0.9758,0.9576,0.833,0.5403,482.74,512,22
2026-04-23T19:58:49.515178Z,synthetic_quantum,713,0.9953,0.9793,0.9124,0.499,452.96,256,31
2026-04-23T19:58:39.722499Z,synthetic_quantum,400,0.9554,0.9553,0.8844,0.4537,342.63,1024,10
2026-04-23T19:58:41.039748Z,synthetic_quantum,616,0.9933,0.9789,0.8697,0.4837,694.9,1024,22
2026-04-23T19:58:42.517816Z,synthetic_quantum,432,0.9842,0.9698,0.895,0.4766,1711.22,512,27
2026-04-23T19:58:44.779973Z,synthetic_quantum,490,0.919,0.9121,0.8299,0.4625,327.05,256,14
2026-04-23T19:59:02.114409Z,synthetic_quantum,408,0.7403,0.7277,0.6595,0.4818,375.77,512,12
2026-04-23T19:58:59.547914Z,synthetic_quantum,527,0.9747,0.9672,0.8711,0.5418,1125.83,256,31
2026-04-23T19:58:44.222946Z,synthetic_quantum,1040,0.9972,0.9889,0.9311,0.4923,641.24,512,26
2026-04-23T19:58:51.709973Z,synthetic_quantum,1664,0.9609,0.9594,0.8896,0.5287,169.31,256,26
2026-04-23T19:59:10.414975Z,synthetic_quantum,784,0.9772,0.9672,0.9298,0.5019,25.11,256,16
2026-04-23T19:58:47.333520Z,synthetic_quantum,936,0.9663,0.9574,0.8651,0.5339,2123.85,512,26
2026-04-23T19:59:10.527833Z,synthetic_quantum,506,0.9762,0.971,0.9619,0.4634,712.78,512,23
2026-04-23T19:59:00.078379Z,synthetic_quantum,520,0.9358,0.9186,0.8231,0.4696,60.05,512,10
2026-04-23T19:59:12.212305Z,synthetic_quantum,1530,0.7101,0.6965,0.659,0.4741,2290.91,512,30
2026-04-23T19:58:55.861986Z,synthetic_quantum,493,0.9528,0.9468,0.9128,0.488,201.58,256,17
2026-04-23T19:59:15.338838Z,synthetic_quantum,527,0.8677,0.8593,0.7774,0.4683,2861.34,1024,17
2026-04-23T19:59:24.572712Z,synthetic_quantum,400,0.9886,0.9821,0.9121,0.4904,1546.57,512,20
2026-04-23T19:58:52.029635Z,synthetic_quantum,1333,0.7249,0.7195,0.6965,0.5155,1985.9,512,31
2026-04-23T19:58:53.779869Z,synthetic_quantum,969,0.9504,0.941,0.8534,0.5153,867.94,1024,19
2026-04-23T19:59:11.983639Z,synthetic_quantum,364,0.9665,0.9512,0.823,0.5257,635.19,512,14
2026-04-23T19:59:03.935344Z,synthetic_quantum,440,0.9639,0.9637,0.9138,0.4614,931.37,256,20
2026-04-23T19:59:01.068832Z,synthetic_quantum,950,0.9751,0.9715,0.9114,0.5392,659.32,256,25
2026-04-23T19:59:12.902314Z,synthetic_quantum,378,0.9662,0.9634,0.9189,0.519,1665.96,512,18
2026-04-23T19:59:11.854520Z,synthetic_quantum,1400,0.9708,0.9596,0.9241,0.517,4734.77,1024,25
2026-04-23T19:59:24.297904Z,synthetic_quantum,1176,0.9936,0.9804,0.9413,0.5327,1420.59,512,21
2026-04-23T19:59:38.578233Z,synthetic_quantum,832,0.6831,0.6765,0.6742,0.5312,376.99,1024,26
2026-04-23T19:59:19.811965Z,synthetic_quantum,1104,0.9679,0.9583,0.847,0.4959,3523.86,1024,23
2026-04-23T19:59:10.606548Z,synthetic_quantum,450,0.9807,0.9796,0.9057,0.548,313.29,512,9
2026-04-23T19:59:38.643801Z,synthetic_quantum,598,0.9682,0.9649,0.943,0.452,3816.59,1024,26
2026-04-23T19:59:22.992719Z,synthetic_quantum,387,0.9836,0.9832,0.9069,0.5022,521.4,1024,9
2026-04-23T19:58:55.718196Z,synthetic_quantum,819,0.9871,0.9825,0.9375,0.5283,492.65,256,13
2026-04-23T19:59:47.786821Z,synthetic_quantum,840,0.5671,0.5589,0.4952,0.4969,92.65,256,14
2026-04-23T19:59:50.025660Z,synthetic_quantum,722,0.9591,0.9545,0.939,0.538,918.8,256,19
2026-04-23T19:59:47.210978Z,synthetic_quantum,570,0.5379,0.5358,0.484,0.4629,722.94,1024,30
2026-04-23T19:59:02.729882Z,synthetic_quantum,690,0.9588,0.9502,0.8254,0.4735,5446.19,1024,30
2026-04-23T19:59:54.411304Z,synthetic_quantum,1426,0.9646,0.9608,0.8361,0.4654,1433.85,512,23
2026-04-23T19:59:21.952242Z,synthetic_quantum,527,0.9102,0.8925,0.8967,0.4588,2084.28,1024,17
2026-04-23T19:59:24.312423Z,synthetic_quantum,432,0.7611,0.7604,0.7295,0.515,2333.41,1024,12
2026-04-23T19:59:27.152125Z,synthetic_quantum,480,0.7426,0.7413,0.6689,0.4719,3196.76,1024,24
2026-04-23T19:59:29.811962Z,synthetic_quantum,390,0.9807,0.9774,0.892,0.4818,546.82,256,15
2026-04-23T19:59:58.409843Z,synthetic_quantum,344,0.6577,0.6478,0.635,0.4681,411.76,1024,8
2026-04-23T19:59:19.339641Z,synthetic_quantum,242,0.9741,0.9612,0.9482,0.4977,674.71,512,11
2026-04-23T19:59:07.191472Z,synthetic_quantum,780,0.9752,0.9684,0.9492,0.549,3462.72,1024,20
2026-04-23T19:59:21.271530Z,synthetic_quantum,1728,0.9622,0.9502,0.821,0.4842,2247.08,512,27
2026-04-23T20:00:15.897496Z,synthetic_quantum,546,0.9634,0.9555,0.9304,0.5257,219.03,512,21
2026-04-23T20:00:20.513924Z,synthetic_quantum,810,0.9875,0.9762,0.8738,0.5229,984.54,256,30
2026-04-23T19:59:34.436259Z,synthetic_quantum,841,0.9516,0.9397,0.8303,0.5029,1977.62,512,29
2026-04-23T20:00:17.366440Z,synthetic_quantum,1508,0.8563,0.8416,0.7831,0.5038,5399.31,1024,29
2026-04-23T20:00:04.267874Z,synthetic_quantum,425,0.9536,0.9517,0.854,0.4969,1434.71,1024,17
2026-04-23T19:59:13.055023Z,synthetic_quantum,1860,0.9817,0.9622,0.908,0.5089,3204.68,1024,30
2026-04-23T19:59:22.422811Z,synthetic_quantum,800,0.9854,0.9796,0.9483,0.55,190.37,256,16
2026-04-23T19:59:18.991015Z,synthetic_quantum,252,0.9797,0.9691,0.9358,0.5168,306.29,256,14
2026-04-23T19:59:30.911906Z,synthetic_quantum,1769,0.9601,0.9498,0.8441,0.5232,248.61,256,29
2026-04-23T19:59:50.600397Z,synthetic_quantum,1050,0.9542,0.9353,0.9266,0.4676,1081.41,1024,21
2026-04-23T19:59:17.664297Z,synthetic_quantum,1560,0.9624,0.9604,0.9105,0.4735,317.87,512,26
2026-04-23T19:59:42.205601Z,synthetic_quantum,720,0.9875,0.9703,0.9662,0.4721,100.51,256,18
2026-04-23T19:59:16.712024Z,synthetic_quantum,858,0.9753,0.9693,0.8751,0.5493,2821.82,1024,22
2026-04-23T20:00:12.393150Z,synthetic_quantum,1197,0.9507,0.9365,0.9361,0.4783,560.53,512,19
2026-04-23T20:00:15.196193Z,synthetic_quantum,1425,0.6697,0.6667,0.6575,0.5089,148.87,256,25
2026-04-23T19:59:33.857512Z,synthetic_quantum,1539,0.986,0.9778,0.9343,0.4744,1131.41,256,27
2026-04-23T20:00:30.647470Z,synthetic_quantum,936,0.959,0.9523,0.8367,0.502,2045.89,512,26
2026-04-23T19:59:12.970500Z,synthetic_quantum,836,0.9957,0.9796,0.9852,0.4651,425.75,512,19
2026-04-23T19:59:37.932538Z,synthetic_quantum,528,0.9503,0.9404,0.8127,0.5156,774.04,1024,11
2026-04-23T20:00:07.469467Z,synthetic_quantum,1620,0.9924,0.9863,0.913,0.5499,725.03,512,27
2026-04-23T20:00:58.647798Z,synthetic_quantum,812,0.9832,0.9752,0.9117,0.4681,2587.71,1024,14
2026-04-23T20:00:33.205500Z,synthetic_quantum,561,0.9577,0.9388,0.9335,0.4782,1822.02,1024,11
2026-04-23T20:00:51.590295Z,synthetic_quantum,840,0.9763,0.965,0.9099,0.4614,378.15,256,15
2026-04-23T20:00:41.089714Z,synthetic_quantum,1364,0.981,0.9628,0.8513,0.4896,3889.78,1024,22
2026-04-23T19:59:34.692697Z,synthetic_quantum,882,0.9972,0.9928,0.8957,0.4712,399.58,256,21
2026-04-23T20:00:52.552897Z,synthetic_quantum,676,0.9954,0.9861,0.9077,0.5308,342.38,1024,26
2026-04-23T20:01:12.578065Z,synthetic_quantum,504,0.9569,0.9386,0.9094,0.5173,1174.59,512,28
2026-04-23T20:01:04.555938Z,synthetic_quantum,944,0.9746,0.9734,0.9486,0.5247,339.0,512,16
2026-04-23T20:01:16.790971Z,synthetic_quantum,260,0.741,0.7294,0.7023,0.5142,970.42,1024,13
2026-04-23T20:00:00.320942Z,synthetic_quantum,261,0.9658,0.9479,0.9375,0.4612,79.38,256,9
2026-04-23T20:00:30.853579Z,synthetic_quantum,342,0.9819,0.9812,0.8614,0.4658,536.78,1024,18
2026-04-23T19:59:24.191826Z,synthetic_quantum,840,0.9556,0.9388,0.9081,0.5116,2631.09,512,28
2026-04-23T20:01:14.957576Z,synthetic_quantum,532,0.9599,0.9411,0.8892,0.5456,2676.36,1024,14
2026-04-23T20:00:35.004910Z,synthetic_quantum,1298,0.9697,0.9531,0.91,0.4822,1493.73,1024,22
2026-04-23T20:00:23.615222Z,synthetic_quantum,832,0.9941,0.9858,0.8918,0.5288,542.16,256,32
2026-04-23T20:00:33.413741Z,synthetic_quantum,925,0.6623,0.6498,0.6493,0.491,3842.31,1024,25
2026-04-23T20:01:24.161624Z,synthetic_quantum,990,0.9865,0.972,0.8784,0.4641,174.57,256,22
2026-04-23T19:59:30.738732Z,synthetic_quantum,320,0.9588,0.9462,0.9161,0.4858,140.81,1024,10
2026-04-23T20:01:00.067924Z,synthetic_quantum,416,0.961,0.9493,0.8826,0.4585,3131.65,1024,16
2026-04-23T20:00:53.928659Z,synthetic_quantum,925,0.9914,0.9852,0.9747,0.455,200.96,256,25
2026-04-23T19:59:51.343517Z,synthetic_quantum,885,0.9767,0.9653,0.9311,0.4765,655.72,512,15
2026-04-23T20:01:31.534314Z,synthetic_quantum,234,0.9536,0.9495,0.8629,0.4871,154.01,512,13
2026-04-23T20:01:44.017029Z,synthetic_quantum,731,0.9796,0.9684,0.9285,0.5245,925.41,1024,17
2026-04-23T20:01:46.404676Z,synthetic_quantum,1189,0.9572,0.9444,0.9137,0.4512,478.25,256,29
2026-04-23T20:01:40.411499Z,synthetic_quantum,1224,0.9591,0.9566,0.8172,0.5289,1331.18,512,24
2026-04-23T20:00:53.309180Z,synthetic_quantum,444,0.9848,0.9822,0.9554,0.5144,652.23,512,12
2026-04-23T19:59:47.624863Z,synthetic_quantum,1696,0.6244,0.6188,0.5901,0.5083,3049.04,512,32
2026-04-23T20:00:31.750424Z,synthetic_quantum,288,0.5445,0.5337,0.4974,0.4991,663.2,1024,8
2026-04-23T20:00:05.491863Z,synthetic_quantum,850,0.9816,0.9782,0.9571,0.4564,781.06,256,25
2026-04-23T20:00:27.129509Z,synthetic_quantum,240,0.9713,0.9713,0.877,0.4993,156.84,512,15
2026-04-23T19:59:56.571355Z,synthetic_quantum,324,0.9693,0.9666,0.8826,0.5159,189.37,256,12
2026-04-23T20:01:32.982549Z,synthetic_quantum,396,0.9835,0.9664,0.9338,0.4997,1061.2,512,11
2026-04-23T19:59:52.849929Z,synthetic_quantum,833,0.6538,0.6495,0.6201,0.507,782.33,256,17
2026-04-23T19:59:29.753780Z,synthetic_quantum,1653,0.9804,0.9633,0.9694,0.5173,1142.0,512,29
2026-04-23T20:00:43.204895Z,synthetic_quantum,1050,0.9956,0.9854,0.9279,0.5132,571.58,512,25
2026-04-23T20:02:06.932578Z,synthetic_quantum,462,0.9878,0.9728,0.9396,0.5314,153.78,1024,21
2026-04-23T20:00:44.784464Z,synthetic_quantum,441,0.9765,0.9725,0.8987,0.5017,503.73,512,9
2026-04-23T20:00:14.702146Z,synthetic_quantum,180,0.9977,0.9854,0.9397,0.524,671.9,512,10
2026-04-23T19:59:54.981453Z,synthetic_quantum,630,0.9584,0.9508,0.9273,0.4534,533.7,256,18
2026-04-23T20:00:03.561088Z,synthetic_quantum,340,0.9917,0.9766,0.8615,0.5244,585.05,512,20
2026-04-23T20:00:18.977376Z,synthetic_quantum,504,0.9861,0.9669,0.8495,0.4922,4483.24,1024,24
2026-04-23T20:00:59.802984Z,synthetic_quantum,1696,0.9926,0.9926,0.8613,0.5429,806.34,512,32
2026-04-23T20:01:34.884547Z,synthetic_quantum,189,0.9755,0.9731,0.8848,0.5116,36.88,256,9
2026-04-23T20:01:47.324307Z,synthetic_quantum,1083,0.9518,0.9468,0.8164,0.5391,1424.98,1024,19
2026-04-23T20:01:01.997144Z,synthetic_quantum,1364,0.979,0.9727,0.8757,0.4692,1068.29,256,22
2026-04-23T20:00:51.167707Z,synthetic_quantum,736,0.9654,0.9547,0.8671,0.5378,671.11,512,32
2026-04-23T20:01:23.767004Z,synthetic_quantum,690,0.9555,0.9526,0.8682,0.5133,3773.29,1024,23
2026-04-23T20:02:17.188115Z,synthetic_quantum,702,0.992,0.9828,0.9422,0.4886,1004.29,512,26
2026-04-23T20:02:23.668194Z,synthetic_quantum,1107,0.7789,0.7752,0.6955,0.4649,838.05,1024,27
2026-04-23T20:02:04.112876Z,synthetic_quantum,870,0.9062,0.9025,0.8732,0.4744,1066.17,1024,29
2026-04-23T20:00:12.182413Z,synthetic_quantum,828,0.9777,0.9679,0.9111,0.4757,756.58,1024,18
2026-04-23T20:00:08.721226Z,synthetic_quantum,1650,0.8451,0.8358,0.809,0.472,1726.82,1024,30
2026-04-23T20:00:25.758307Z,synthetic_quantum,700,0.8544,0.8478,0.7471,0.5481,1163.71,512,14
2026-04-23T19:59:46.656360Z,synthetic_quantum,1342,0.9734,0.966,0.8446,0.4885,607.87,256,22
2026-04-23T20:02:45.688384Z,synthetic_quantum,495,0.9896,0.9814,0.8541,0.4957,1647.34,1024,11
2026-04-23T20:00:42.110224Z,synthetic_quantum,899,0.9716,0.9596,0.9105,0.5203,790.9,256,31
2026-04-23T20:00:44.784134Z,synthetic_quantum,648,0.9739,0.9696,0.8496,0.4503,2390.16,512,27
2026-04-23T20:01:04.299583Z,synthetic_quantum,1064,0.9978,0.9835,0.9614,0.4552,2541.28,1024,19
2026-04-23T20:02:19.042501Z,synthetic_quantum,663,0.9758,0.9621,0.9632,0.46,169.05,512,17
2026-04-23T20:00:50.608677Z,synthetic_quantum,832,0.9708,0.9532,0.8889,0.4896,271.32,256,26
2026-04-23T20:01:49.781775Z,synthetic_quantum,1300,0.9506,0.9439,0.9323,0.4622,1226.53,256,26
2026-04-23T20:01:21.870985Z,synthetic_quantum,1144,0.9582,0.9391,0.8989,0.5426,722.72,256,22
2026-04-23T20:00:32.173644Z,synthetic_quantum,672,0.9895,0.9815,0.9056,0.5427,1172.67,1024,32
2026-04-23T20:01:41.218534Z,synthetic_quantum,666,0.9741,0.9643,0.8844,0.4778,32.46,256,18
2026-04-23T20:00:28.961992Z,synthetic_quantum,915,0.9774,0.9675,0.8691,0.5353,1326.34,1024,15
2026-04-23T20:00:47.404128Z,synthetic_quantum,768,0.6957,0.6818,0.6766,0.5264,66.59,1024,12
2026-04-23T20:03:08.408188Z,synthetic_quantum,667,0.9604,0.9472,0.9009,0.4755,3460.31,1024,23
2026-04-23T19:59:57.502135Z,synthetic_quantum,1045,0.9712,0.9711,0.8432,0.5267,484.14,256,19
2026-04-23T20:01:36.362421Z,synthetic_quantum,1200,0.9671,0.9618,0.8922,0.5394,164.97,256,30
2026-04-23T20:00:01.194179Z,synthetic_quantum,1131,0.9901,0.9848,0.9221,0.488,201.14,1024,29
2026-04-23T20:02:28.786635Z,synthetic_quantum,1428,0.9947,0.9924,0.8795,0.4956,409.68,256,28
2026-04-23T20:00:32.987812Z,synthetic_quantum,540,0.9652,0.956,0.8791,0.5106,728.74,512,18
2026-04-23T20:01:40.605990Z,synthetic_quantum,768,0.6863,0.6774,0.6321,0.5329,123.59,256,32
2026-04-23T20:01:06.344139Z,synthetic_quantum,806,0.9603,0.9528,0.9119,0.5484,1323.6,256,31
2026-04-23T20:01:40.806443Z,synthetic_quantum,612,0.6613,0.6548,0.5735,0.5242,1094.66,1024,17
2026-04-23T19:59:56.108110Z,synthetic_quantum,1560,0.8962,0.8868,0.8573,0.4967,1470.12,512,26
2026-04-23T20:01:56.376971Z,synthetic_quantum,1216,0.9811,0.9695,0.953,0.5224,1675.44,1024,19
2026-04-23T19:59:51.754711Z,synthetic_quantum,792,0.9574,0.9429,0.8372,0.4975,859.52,1024,18
2026-04-23T20:01:37.633726Z,synthetic_quantum,1131,0.9719,0.9544,0.855,0.5123,1262.84,256,29
2026-04-23T19:59:55.173224Z,synthetic_quantum,440,0.986,0.9854,0.8984,0.5445,1306.12,1024,20
2026-04-23T19:59:57.395649Z,synthetic_quantum,588,0.5592,0.5491,0.4947,0.4603,2291.68,1024,14
2026-04-23T20:02:26.544955Z,synthetic_quantum,1450,0.5352,0.5294,0.4806,0.4895,882.28,256,29
2026-04-23T20:03:44.094968Z,synthetic_quantum,742,0.9609,0.9593,0.8196,0.4964,342.75,256,14
2026-04-23T20:02:06.096925Z,synthetic_quantum,1007,0.9946,0.9843,0.8823,0.5101,893.29,256,19
2026-04-23T20:03:35.038829Z,synthetic_quantum,754,0.976,0.9694,0.8948,0.5237,638.16,512,13
2026-04-23T20:01:20.832177Z,synthetic_quantum,1150,0.9611,0.953,0.9384,0.4764,1959.28,512,23
2026-04-23T20:02:15.573243Z,synthetic_quantum,868,0.7166,0.7029,0.6479,0.4572,923.3,512,28
2026-04-23T20:00:50.116201Z,synthetic_quantum,546,0.9619,0.949,0.8919,0.4983,732.02,256,21
2026-04-23T20:03:30.121022Z,synthetic_quantum,1080,0.9849,0.9675,0.964,0.4923,3211.38,1024,30
2026-04-23T20:00:27.216281Z,synthetic_quantum,552,0.9765,0.9715,0.9157,0.5272,996.81,256,23
2026-04-23T20:01:56.980477Z,synthetic_quantum,783,0.9956,0.9894,0.8746,0.5487,2693.45,1024,27
2026-04-23T20:01:26.292700Z,synthetic_quantum,580,0.9831,0.9752,0.9518,0.5266,500.88,256,29
2026-04-23T20:02:05.079847Z,synthetic_quantum,1148,0.9896,0.9768,0.9328,0.4564,705.67,256,28
2026-04-23T20:01:14.136188Z,synthetic_quantum,1248,0.9894,0.9795,0.9027,0.464,2479.31,1024,24
2026-04-23T20:00:17.904088Z,synthetic_quantum,765,0.983,0.9637,0.9066,0.5487,84.35,512,15
2026-04-23T20:01:56.834412Z,synthetic_quantum,272,0.9544,0.9356,0.825,0.4648,302.84,256,16
2026-04-23T20:01:16.191829Z,synthetic_quantum,672,0.9013,0.8949,0.8393,0.4972,915.92,1024,12
2026-04-23T20:03:49.421652Z,synthetic_quantum,1116,0.9711,0.9554,0.8543,0.4693,2070.65,1024,31
2026-04-23T20:02:08.863208Z,synthetic_quantum,665,0.9518,0.9339,0.8967,0.4849,124.0,256,19
2026-04-23T20:02:18.090537Z,synthetic_quantum,702,0.9576,0.9504,0.9411,0.5056,172.89,256,18
2026-04-23T20:03:28.299879Z,synthetic_quantum,396,0.9528,0.9354,0.848,0.5417,28.45,256,9
2026-04-23T20:03:54.750297Z,synthetic_quantum,480,0.9601,0.9454,0.9491,0.4795,475.15,512,10
2026-04-23T20:03:54.324487Z,synthetic_quantum,1216,0.9899,0.9759,0.8758,0.4677,76.58,256,32
2026-04-23T20:02:08.683543Z,synthetic_quantum,644,0.9967,0.9818,0.9678,0.5278,731.39,512,14
2026-04-23T20:02:33.424955Z,synthetic_quantum,660,0.9887,0.9786,0.9518,0.4743,375.27,256,12
2026-04-23T20:01:48.765527Z,synthetic_quantum,624,0.9867,0.9813,0.8545,0.4702,1623.25,1024,24
2026-04-23T20:02:48.355299Z,synthetic_quantum,294,0.9715,0.9607,0.9558,0.5426,39.36,256,14
2026-04-23T20:01:45.588358Z,synthetic_quantum,850,0.9828,0.9738,0.9324,0.539,190.74,512,25
2026-04-23T20:01:10.952035Z,synthetic_quantum,1298,0.9729,0.9554,0.9321,0.5224,3689.98,1024,22
2026-04-23T20:00:26.430127Z,synthetic_quantum,238,0.985,0.9709,0.9191,0.4836,634.96,512,14
2026-04-23T20:04:31.176576Z,synthetic_quantum,690,0.9691,0.9532,0.8588,0.5318,3624.05,1024,23
2026-04-23T20:02:28.389573Z,synthetic_quantum,1708,0.9533,0.9469,0.9259,0.4878,337.99,512,28
2026-04-23T20:02:59.387931Z,synthetic_quantum,1134,0.9519,0.9489,0.9001,0.4638,809.96,512,27
2026-04-23T20:03:11.654248Z,synthetic_quantum,696,0.9591,0.9524,0.8852,0.5209,1786.9,512,24
2026-04-23T20:04:34.503330Z,synthetic_quantum,552,0.9571,0.9483,0.9276,0.5351,2101.85,1024,12
2026-04-23T20:04:29.714710Z,synthetic_quantum,144,0.8539,0.8433,0.8044,0.4862,406.85,256,9
2026-04-23T20:03:57.716144Z,synthetic_quantum,660,0.9599,0.9446,0.8296,0.5419,689.54,256,22
2026-04-23T20:03:50.403721Z,synthetic_quantum,513,0.9924,0.9881,0.9135,0.4577,202.34,512,19
2026-04-23T20:01:42.480634Z,synthetic_quantum,648,0.9727,0.9566,0.8783,0.5258,567.42,256,24
2026-04-23T20:02:36.886546Z,synthetic_quantum,210,0.9747,0.9552,0.918,0.5208,218.29,256,10
2026-04-23T20:00:43.307903Z,synthetic_quantum,160,0.6835,0.6791,0.6593,0.4596,479.24,512,8
2026-04-23T20:03:56.725731Z,synthetic_quantum,1020,0.993,0.9843,0.9531,0.5455,503.67,256,17
2026-04-23T20:00:45.624504Z,synthetic_quantum,1504,0.9783,0.9622,0.9433,0.5182,924.89,512,32
2026-04-23T20:03:37.395610Z,synthetic_quantum,1311,0.6382,0.634,0.5432,0.4639,2085.09,1024,23
2026-04-23T20:05:04.733271Z,synthetic_quantum,1620,0.9717,0.9606,0.9543,0.4649,4835.61,1024,27
2026-04-23T20:05:00.807300Z,synthetic_quantum,612,0.9974,0.98,0.9256,0.4508,1376.38,512,17
2026-04-23T20:03:20.231636Z,synthetic_quantum,616,0.984,0.9742,0.9665,0.5141,277.68,256,14
2026-04-23T20:01:17.279515Z,synthetic_quantum,500,0.5997,0.599,0.5258,0.5045,1007.44,512,20
2026-04-23T20:00:20.654015Z,synthetic_quantum,560,0.9828,0.9639,0.8511,0.5116,865.81,1024,10
2026-04-23T20:01:15.193769Z,synthetic_quantum,504,0.9749,0.9587,0.9471,0.5315,1642.22,1024,24
2026-04-23T20:03:43.887460Z,synthetic_quantum,432,0.9789,0.9679,0.8966,0.4555,570.47,256,24
2026-04-23T20:04:28.914791Z,synthetic_quantum,1696,0.7145,0.7046,0.6176,0.4898,627.59,256,32
2026-04-23T20:03:03.516769Z,synthetic_quantum,1736,0.6794,0.6723,0.671,0.5209,869.5,256,31
2026-04-23T20:02:37.999160Z,synthetic_quantum,999,0.649,0.6397,0.5564,0.4826,313.42,256,27
2026-04-23T20:00:44.067045Z,synthetic_quantum,184,0.5671,0.5633,0.5363,0.4915,195.09,512,8
2026-04-23T20:04:36.051402Z,synthetic_quantum,1092,0.9793,0.9768,0.8521,0.4994,1367.41,512,28
2026-04-23T20:00:24.912568Z,synthetic_quantum,384,0.9656,0.954,0.8295,0.5071,4255.54,1024,24
2026-04-23T20:04:34.757452Z,synthetic_quantum,1088,0.9785,0.9697,0.8713,0.4702,1143.55,1024,32
2026-04-23T20:04:15.295190Z,synthetic_quantum,1920,0.9527,0.9505,0.8663,0.5259,684.7,1024,32
2026-04-23T20:01:52.042916Z,synthetic_quantum,882,0.9644,0.9545,0.8757,0.4556,515.5,512,18
2026-04-23T20:00:47.068175Z,synthetic_quantum,672,0.9506,0.9477,0.8893,0.4956,1794.3,1024,16
2026-04-23T20:04:06.100767Z,synthetic_quantum,1624,0.9511,0.9453,0.8994,0.5382,473.13,256,29
2026-04-23T20:04:07.669332Z,synthetic_quantum,456,0.9908,0.9871,0.8862,0.5232,1001.64,512,19
2026-04-23T20:04:36.838962Z,synthetic_quantum,918,0.7066,0.6928,0.6274,0.4968,218.95,1024,18
2026-04-23T20:05:16.318353Z,synthetic_quantum,1032,0.9687,0.9501,0.9187,0.4758,374.41,512,24
2026-04-23T20:02:03.370657Z,synthetic_quantum,475,0.9635,0.9464,0.8742,0.4603,1395.99,512,25
2026-04-23T20:04:18.828186Z,synthetic_quantum,486,0.9913,0.9832,0.9002,0.4692,59.26,512,9
2026-04-23T20:03:57.841225Z,synthetic_quantum,704,0.9775,0.9719,0.9577,0.5059,1507.71,512,16
2026-04-23T20:03:40.044374Z,synthetic_quantum,638,0.5822,0.5729,0.5397,0.5132,2217.38,1024,22
2026-04-23T20:04:41.955671Z,synthetic_quantum,360,0.9963,0.9829,0.8821,0.5291,2630.76,1024,15
2026-04-23T20:05:47.455855Z,synthetic_quantum,782,0.6117,0.6101,0.5769,0.4627,1903.43,512,23
2026-04-23T20:03:58.111486Z,synthetic_quantum,230,0.9554,0.9539,0.8739,0.5341,354.56,256,10
2026-04-23T20:02:50.582629Z,synthetic_quantum,494,0.9967,0.9837,0.9419,0.5494,263.15,256,26
2026-04-23T20:06:00.366023Z,synthetic_quantum,605,0.97,0.958,0.8284,0.4628,150.06,1024,11
2026-04-23T20:04:35.318787Z,synthetic_quantum,560,0.985,0.9681,0.8494,0.4613,1593.96,512,16
2026-04-23T20:01:12.354407Z,synthetic_quantum,1302,0.9875,0.9831,0.93,0.4608,1151.45,512,31
2026-04-23T20:02:56.612923Z,synthetic_quantum,840,0.5705,0.5607,0.5313,0.4676,1866.15,1024,15
2026-04-23T20:02:20.462421Z,synthetic_quantum,1364,0.9088,0.9046,0.8483,0.4534,1080.25,256,22
2026-04-23T20:04:01.809153Z,synthetic_quantum,456,0.972,0.9693,0.9259,0.5124,166.56,512,19
2026-04-23T20:03:12.871111Z,synthetic_quantum,247,0.9744,0.9731,0.9092,0.4538,213.53,1024,13
2026-04-23T20:03:23.609614Z,synthetic_quantum,609,0.9907,0.9752,0.8549,0.4816,605.6,256,29
2026-04-23T20:05:28.590966Z,synthetic_quantum,1144,0.9829,0.9765,0.9522,0.5053,821.87,1024,22
2026-04-23T20:01:36.507491Z,synthetic_quantum,432,0.9694,0.9569,0.8384,0.4938,406.14,1024,18
2026-04-23T20:00:49.164121Z,synthetic_quantum,1792,0.9799,0.9751,0.9099,0.5177,1103.15,256,32
2026-04-23T20:05:47.836634Z,synthetic_quantum,1080,0.9895,0.9894,0.9291,0.5041,185.72,256,18
2026-04-23T20:01:27.463996Z,synthetic_quantum,720,0.9529,0.9464,0.8612,0.478,738.38,1024,15
2026-04-23T20:02:59.970308Z,synthetic_quantum,1470,0.9917,0.9848,0.935,0.5428,775.12,256,30
2026-04-23T20:02:02.045400Z,synthetic_quantum,638,0.9606,0.9477,0.8763,0.4901,1685.84,1024,11
2026-04-23T20:06:32.378481Z,synthetic_quantum,468,0.8169,0.8159,0.7812,0.4642,589.34,1024,26
2026-04-23T20:02:21.222761Z,synthetic_quantum,288,0.9637,0.9454,0.8332,0.4865,153.06,256,18
2026-04-23T20:05:34.525996Z,synthetic_quantum,945,0.9734,0.9587,0.8587,0.4643,651.05,512,15
2026-04-23T20:01:05.709757Z,synthetic_quantum,1792,0.9587,0.9409,0.9229,0.5031,4371.94,1024,32
2026-04-23T20:01:16.926601Z,synthetic_quantum,576,0.7324,0.7301,0.6805,0.4809,287.07,256,9
2026-04-23T20:03:35.322450Z,synthetic_quantum,180,0.5098,0.5017,0.4908,0.5385,777.33,1024,10
2026-04-23T20:02:36.453906Z,synthetic_quantum,567,0.9773,0.9755,0.8552,0.4692,684.02,512,9
2026-04-23T20:01:40.671506Z,synthetic_quantum,1110,0.7387,0.727,0.673,0.5024,233.48,256,30
2026-04-23T20:01:56.050330Z,synthetic_quantum,702,0.9617,0.9547,0.8976,0.5136,1461.94,512,26
2026-04-23T20:05:24.462569Z,synthetic_quantum,376,0.9797,0.9663,0.9407,0.5234,1450.29,1024,8
2026-04-23T20:05:53.441545Z,synthetic_quantum,1092,0.8361,0.8196,0.7248,0.5046,3429.58,1024,28
2026-04-23T20:01:55.439869Z,synthetic_quantum,1408,0.9961,0.9788,0.9382,0.5488,1474.25,1024,22
2026-04-23T20:00:56.868061Z,synthetic_quantum,408,0.9767,0.9592,0.8591,0.5321,143.81,512,8
2026-04-23T20:02:43.108644Z,synthetic_quantum,486,0.9607,0.9523,0.83,0.5464,345.17,256,18
2026-04-23T20:06:53.535594Z,synthetic_quantum,425,0.9669,0.9638,0.9378,0.5082,1234.28,512,17
2026-04-23T20:05:31.030488Z,synthetic_quantum,1740,0.9756,0.9684,0.9291,0.4987,2136.23,512,30
2026-04-23T20:06:19.840324Z,synthetic_quantum,429,0.9959,0.9795,0.9435,0.4537,79.12,512,13
2026-04-23T20:03:16.975611Z,synthetic_quantum,602,0.9729,0.9617,0.8492,0.5121,1344.87,512,14
2026-04-23T20:03:28.735530Z,synthetic_quantum,1464,0.9515,0.9451,0.8243,0.5474,1152.86,256,24
2026-04-23T20:05:42.481747Z,synthetic_quantum,650,0.989,0.9732,0.9015,0.546,128.03,512,26
2026-04-23T20:01:40.326604Z,synthetic_quantum,442,0.9679,0.9575,0.8622,0.5367,1736.71,1024,17
2026-04-23T20:03:37.130906Z,synthetic_quantum,1357,0.9693,0.9557,0.8944,0.5184,541.54,256,23
2026-04-23T20:03:31.953092Z,synthetic_quantum,1600,0.9803,0.9678,0.8649,0.4876,2838.82,1024,32
2026-04-23T20:01:34.788146Z,synthetic_quantum,418,0.9956,0.9947,0.873,0.5219,838.23,512,19
2026-04-23T20:07:09.562625Z,synthetic_quantum,550,0.956,0.948,0.9263,0.5179,417.86,256,11
2026-04-23T20:06:26.325506Z,synthetic_quantum,1830,0.9717,0.9593,0.8718,0.4869,313.41,1024,30
2026-04-23T20:03:37.503207Z,synthetic_quantum,522,0.9667,0.9488,0.856,0.5005,1858.15,512,29
2026-04-23T20:01:57.051432Z,synthetic_quantum,1952,0.9572,0.9466,0.8649,0.5305,1973.38,512,32
2026-04-23T20:05:13.618637Z,synthetic_quantum,1344,0.9808,0.9662,0.9326,0.4785,1262.59,1024,24
2026-04-23T20:02:23.953289Z,synthetic_quantum,1260,0.9765,0.9671,0.8365,0.4764,1072.97,512,30
2026-04-23T20:01:20.275560Z,synthetic_quantum,780,0.978,0.9736,0.9011,0.4514,2622.34,512,30
2026-04-23T20:07:23.345707Z,synthetic_quantum,462,0.988,0.9874,0.8656,0.4541,66.39,256,22
2026-04-23T20:02:46.110523Z,synthetic_quantum,850,0.9806,0.9613,0.9161,0.4735,1235.05,256,25
2026-04-23T20:03:31.453936Z,synthetic_quantum,460,0.9618,0.9555,0.8601,0.4891,664.23,512,23
2026-04-23T20:03:24.479584Z,synthetic_quantum,1144,0.9886,0.9818,0.9352,0.5414,988.9,1024,22
2026-04-23T20:07:09.011437Z,synthetic_quantum,1519,0.9641,0.9456,0.8817,0.4891,411.23,1024,31
2026-04-23T20:02:02.930958Z,synthetic_quantum,774,0.9768,0.9589,0.9089,0.4939,1529.43,1024,18
2026-04-23T20:03:35.528820Z,synthetic_quantum,775,0.9651,0.9492,0.9199,0.4585,2561.17,512,31
2026-04-23T20:02:33.286024Z,synthetic_quantum,440,0.9706,0.952,0.9047,0.5447,516.76,256,11
2026-04-23T20:05:09.260854Z,synthetic_quantum,1326,0.978,0.9749,0.8671,0.4982,902.08,256,26
2026-04-23T20:02:57.898532Z,synthetic_quantum,1408,0.9565,0.9546,0.8465,0.5035,1463.17,512,22
2026-04-23T20:07:43.138617Z,synthetic_quantum,1176,0.9895,0.9805,0.9424,0.5145,1390.21,1024,21
2026-04-23T20:02:48.674183Z,synthetic_quantum,567,0.8426,0.8352,0.7673,0.456,858.25,512,9
2026-04-23T20:02:55.981398Z,synthetic_quantum,882,0.9666,0.9548,0.8319,0.4632,359.75,512,14
2026-04-23T20:03:09.459022Z,synthetic_quantum,1239,0.9821,0.9663,0.9527,0.5063,2281.17,1024,21
2026-04-23T20:01:37.173755Z,synthetic_quantum,560,0.9913,0.9728,0.9514,0.4941,823.47,1024,14
2026-04-23T20:04:39.876812Z,synthetic_quantum,495,0.9923,0.9806,0.9568,0.4906,810.03,512,11
2026-04-23T20:01:23.501140Z,synthetic_quantum,640,0.991,0.9872,0.9351,0.4648,370.37,256,10
2026-04-23T20:02:13.442515Z,synthetic_quantum,1302,0.972,0.9719,0.882,0.5116,3320.71,1024,31
2026-04-23T20:08:06.134226Z,synthetic_quantum,864,0.9773,0.9713,0.8326,0.4806,1098.68,512,27
2026-04-23T20:06:21.344010Z,synthetic_quantum,494,0.9369,0.919,0.8788,0.5073,1997.54,512,26
2026-04-23T20:01:19.303721Z,synthetic_quantum,540,0.9884,0.9858,0.8562,0.5296,1065.3,512,18
2026-04-23T20:03:09.136318Z,synthetic_quantum,1015,0.8375,0.8363,0.7929,0.4814,1162.95,256,29
2026-04-23T20:08:09.077948Z,synthetic_quantum,495,0.9531,0.9377,0.8534,0.545,554.31,512,15
2026-04-23T20:02:08.071171Z,synthetic_quantum,665,0.9819,0.9706,0.9109,0.4605,658.88,256,19
2026-04-23T20:03:37.064265Z,synthetic_quantum,560,0.9677,0.9674,0.9525,0.4671,87.71,256,10
2026-04-23T20:05:46.495049Z,synthetic_quantum,1098,0.9537,0.9374,0.9377,0.5,161.33,512,18
2026-04-23T20:02:47.080102Z,synthetic_quantum,754,0.9933,0.975,0.9446,0.5279,235.93,512,13
2026-04-23T20:08:12.473077Z,synthetic_quantum,444,0.9547,0.938,0.8574,0.5405,599.97,1024,12
2026-04-23T20:08:14.645518Z,synthetic_quantum,288,0.8784,0.8725,0.7802,0.4714,410.27,1024,9
2026-04-23T20:05:37.203272Z,synthetic_quantum,1416,0.6688,0.6644,0.6368,0.5257,1858.15,512,24
2026-04-23T20:02:20.030578Z,synthetic_quantum,380,0.9575,0.9469,0.8974,0.4675,447.18,256,10
2026-04-23T20:02:29.166248Z,synthetic_quantum,608,0.9666,0.9515,0.828,0.4986,2124.5,1024,32
2026-04-23T20:07:59.322739Z,synthetic_quantum,1380,0.9574,0.9532,0.8183,0.455,108.96,256,23
2026-04-23T20:03:18.236317Z,synthetic_quantum,720,0.9962,0.9808,0.9043,0.4879,828.56,1024,15
2026-04-23T20:06:27.340253Z,synthetic_quantum,450,0.9894,0.9848,0.9472,0.4759,4030.62,1024,25
2026-04-23T20:06:56.490903Z,synthetic_quantum,1196,0.9729,0.9635,0.8749,0.5397,157.7,256,26
2026-04-23T20:03:00.295933Z,synthetic_quantum,630,0.9625,0.9456,0.8422,0.5178,135.37,256,21
2026-04-23T20:07:57.540352Z,synthetic_quantum,560,0.963,0.9509,0.9461,0.4613,379.69,256,16
2026-04-23T20:02:17.741603Z,synthetic_quantum,748,0.56,0.5536,0.5017,0.4715,968.77,1024,17
2026-04-23T20:07:34.205678Z,synthetic_quantum,510,0.9972,0.9927,0.9307,0.4588,590.31,256,17
2026-04-23T20:07:03.402816Z,synthetic_quantum,493,0.9911,0.9872,0.9646,0.4736,538.96,256,17
2026-04-23T20:02:18.096104Z,synthetic_quantum,594,0.6036,0.5989,0.5204,0.5349,768.39,256,27
2026-04-23T20:04:18.450142Z,synthetic_quantum,638,0.9773,0.9763,0.8743,0.5028,950.09,256,22
2026-04-23T20:02:37.448929Z,synthetic_quantum,975,0.8984,0.8934,0.8148,0.4885,171.66,256,25
2026-04-23T20:02:16.067216Z,synthetic_quantum,1242,0.9502,0.9433,0.9107,0.4955,1311.41,512,23
2026-04-23T20:01:41.335300Z,synthetic_quantum,1344,0.9527,0.9515,0.8641,0.4828,3143.23,512,32
2026-04-23T20:09:00.542603Z,synthetic_quantum,640,0.9724,0.9575,0.9165,0.4973,6344.23,1024,32
2026-04-23T20:09:10.075621Z,synthetic_quantum,280,0.9652,0.954,0.8262,0.4792,1001.89,1024,10
2026-04-23T20:06:09.330437Z,synthetic_quantum,625,0.9871,0.9814,0.9206,0.478,707.29,1024,25
2026-04-23T20:03:55.817577Z,synthetic_quantum,896,0.6847,0.6812,0.6207,0.4817,1276.13,512,28
2026-04-23T20:09:02.077122Z,synthetic_quantum,918,0.8507,0.8458,0.787,0.5466,1109.68,256,27
2026-04-23T20:08:52.010850Z,synthetic_quantum,368,0.9723,0.964,0.8979,0.4805,1783.34,1024,23
2026-04-23T20:01:36.380328Z,synthetic_quantum,1408,0.9586,0.94,0.8666,0.5401,252.16,512,32
2026-04-23T20:08:19.574802Z,synthetic_quantum,399,0.6835,0.6828,0.617,0.5482,534.72,256,19
2026-04-23T20:08:56.816175Z,synthetic_quantum,1593,0.635,0.6276,0.6137,0.5288,1173.07,256,27
2026-04-23T20:07:32.379511Z,synthetic_quantum,1197,0.958,0.9512,0.9318,0.4709,1659.47,512,19
2026-04-23T20:01:32.119907Z,synthetic_quantum,360,0.9696,0.9527,0.87,0.4819,374.67,512,15
2026-04-23T20:02:19.878572Z,synthetic_quantum,1026,0.9945,0.9921,0.9628,0.527,316.41,512,18
2026-04-23T20:02:00.470520Z,synthetic_quantum,299,0.9639,0.9612,0.9091,0.4898,417.54,512,13
2026-04-23T20:04:13.111189Z,synthetic_quantum,1440,0.9871,0.9841,0.9165,0.5449,775.15,256,24
2026-04-23T20:09:15.904895Z,synthetic_quantum,2048,0.9614,0.9562,0.8708,0.4978,1039.26,256,32
2026-04-23T20:06:25.560694Z,synthetic_quantum,1984,0.9869,0.9731,0.9566,0.4708,2707.97,512,32
2026-04-23T20:06:23.516700Z,synthetic_quantum,1638,0.9656,0.9603,0.9375,0.5159,3828.36,1024,26
2026-04-23T20:08:20.927273Z,synthetic_quantum,1696,0.5235,0.515,0.4463,0.5076,1783.79,512,32
2026-04-23T20:03:18.920520Z,synthetic_quantum,1128,0.9616,0.9464,0.8209,0.4717,459.37,256,24
2026-04-23T20:07:12.662188Z,synthetic_quantum,784,0.9591,0.9426,0.8515,0.5288,596.24,256,16
2026-04-23T20:06:04.310175Z,synthetic_quantum,902,0.9666,0.9535,0.8919,0.4533,922.53,512,22
2026-04-23T20:05:07.595678Z,synthetic_quantum,361,0.9792,0.9762,0.9641,0.4869,844.42,256,19
2026-04-23T20:01:31.047934Z,synthetic_quantum,736,0.9912,0.9883,0.9347,0.5165,2862.48,512,32
2026-04-23T20:03:50.551310Z,synthetic_quantum,672,0.5579,0.5497,0.5375,0.5248,659.62,256,14
2026-04-23T20:05:49.975964Z,synthetic_quantum,345,0.9615,0.9561,0.8998,0.534,621.16,256,15
2026-04-23T20:02:04.635503Z,synthetic_quantum,672,0.9916,0.9729,0.9779,0.4994,3143.06,1024,16
2026-04-23T20:07:46.778502Z,synthetic_quantum,682,0.9863,0.9715,0.8433,0.4524,800.88,1024,22
2026-04-23T20:01:39.066673Z,synthetic_quantum,1449,0.9972,0.9934,0.8855,0.466,1054.52,256,23
2026-04-23T20:07:45.691677Z,synthetic_quantum,928,0.9974,0.9807,0.8933,0.4618,3064.88,512,32
2026-04-23T20:07:21.118733Z,synthetic_quantum,1581,0.9785,0.9733,0.9278,0.5063,247.66,256,31
2026-04-23T20:05:32.159397Z,synthetic_quantum,915,0.9668,0.9658,0.8443,0.528,844.75,512,15
2026-04-23T20:07:04.525988Z,synthetic_quantum,680,0.9714,0.9659,0.8742,0.5007,470.68,256,17
2026-04-23T20:06:44.488098Z,synthetic_quantum,759,0.9913,0.9875,0.8486,0.5133,239.18,256,23
2026-04-23T20:09:57.455031Z,synthetic_quantum,441,0.9686,0.9564,0.958,0.4925,973.22,512,21
2026-04-23T20:05:33.844847Z,synthetic_quantum,864,0.9645,0.9616,0.9142,0.5385,762.52,256,18
2026-04-23T20:03:34.077908Z,synthetic_quantum,896,0.9849,0.9833,0.8406,0.4995,2683.26,512,32
2026-04-23T20:09:49.785510Z,synthetic_quantum,756,0.7982,0.7898,0.7776,0.4886,1933.84,1024,28
2026-04-23T20:02:17.600950Z,synthetic_quantum,1050,0.9849,0.9697,0.9715,0.4522,949.87,512,25
2026-04-23T20:06:25.673232Z,synthetic_quantum,513,0.9829,0.9724,0.9034,0.4562,1581.69,1024,9
2026-04-23T20:05:43.737705Z,synthetic_quantum,1044,0.974,0.9592,0.889,0.4734,1296.79,512,29
2026-04-23T20:07:36.994884Z,synthetic_quantum,731,0.9702,0.9645,0.8399,0.5151,1195.68,512,17
2026-04-23T20:06:53.207489Z,synthetic_quantum,551,0.9525,0.939,0.9026,0.469,935.11,1024,19
2026-04-23T20:08:47.840093Z,synthetic_quantum,855,0.9754,0.9749,0.8301,0.4727,504.37,256,15
2026-04-23T20:08:34.126710Z,synthetic_quantum,1008,0.9713,0.9554,0.9432,0.4546,403.68,1024,16
2026-04-23T20:08:46.506803Z,synthetic_quantum,940,0.9514,0.9394,0.9264,0.5238,554.7,256,20
2026-04-23T20:10:18.280672Z,synthetic_quantum,1392,0.9002,0.8825,0.807,0.5322,925.89,256,24
2026-04-23T20:06:49.408611Z,synthetic_quantum,891,0.5338,0.5293,0.4795,0.4567,861.24,512,27
2026-04-23T20:04:45.182138Z,synthetic_quantum,162,0.9782,0.9662,0.9395,0.4516,97.6,1024,9
2026-04-23T20:05:20.902739Z,synthetic_quantum,837,0.6834,0.6817,0.6469,0.4657,5036.05,1024,27
2026-04-23T20:05:50.895569Z,synthetic_quantum,1530,0.8523,0.8421,0.7688,0.5227,1373.26,512,30
2026-04-23T20:09:40.590987Z,synthetic_quantum,600,0.9824,0.9804,0.9145,0.4792,2009.62,1024,20
2026-04-23T20:02:53.780812Z,synthetic_quantum,1586,0.9864,0.9697,0.8535,0.5049,101.59,256,26
2026-04-23T20:08:24.908942Z,synthetic_quantum,200,0.9887,0.9814,0.9156,0.4741,172.03,256,10
2026-04-23T20:03:14.868513Z,synthetic_quantum,885,0.9914,0.9847,0.9002,0.4765,1736.84,1024,15
2026-04-23T20:07:40.300964Z,synthetic_quantum,810,0.9731,0.9696,0.9324,0.4743,5037.63,1024,27
2026-04-23T20:03:42.474545Z,synthetic_quantum,1428,0.9813,0.9623,0.9665,0.4584,953.16,1024,28
2026-04-23T20:07:05.028599Z,synthetic_quantum,828,0.9596,0.9473,0.9348,0.4637,469.39,256,18
2026-04-23T20:02:49.833232Z,synthetic_quantum,390,0.9889,0.9817,0.9129,0.474,339.85,256,10
2026-04-23T20:03:42.434804Z,synthetic_quantum,1440,0.9833,0.9704,0.8885,0.5468,2117.01,512,32
2026-04-23T20:05:06.921101Z,synthetic_quantum,1107,0.9693,0.9656,0.9373,0.4832,1236.51,512,27
2026-04-23T20:07:01.092173Z,synthetic_quantum,918,0.9738,0.9699,0.8341,0.4807,309.29,256,27
2026-04-23T20:02:28.762151Z,synthetic_quantum,352,0.9792,0.9788,0.9459,0.507,1641.79,1024,16
2026-04-23T20:07:20.547088Z,synthetic_quantum,1769,0.619,0.607,0.5973,0.489,2775.76,1024,29
2026-04-23T20:08:02.279155Z,synthetic_quantum,532,0.9714,0.9611,0.9393,0.5499,407.67,256,19
2026-04-23T20:04:54.209377Z,synthetic_quantum,1485,0.9792,0.9668,0.8849,0.4939,893.95,512,27
2026-04-23T20:03:18.541545Z,synthetic_quantum,580,0.9916,0.9761,0.9035,0.4508,1911.47,512,29
2026-04-23T20:02:46.551348Z,synthetic_quantum,230,0.9836,0.9644,0.9062,0.5248,703.8,512,10
2026-04-23T20:04:11.481195Z,synthetic_quantum,560,0.991,0.9717,0.8539,0.5141,1944.01,1024,28
2026-04-23T20:08:29.123339Z,synthetic_quantum,400,0.9559,0.9451,0.918,0.5371,251.23,1024,8
2026-04-23T20:02:03.214104Z,synthetic_quantum,300,0.5293,0.5209,0.5133,0.4811,540.37,256,15
2026-04-23T20:03:33.775969Z,synthetic_quantum,841,0.9614,0.9531,0.8355,0.4632,4323.91,1024,29
2026-04-23T20:07:02.428110Z,synthetic_quantum,1701,0.9815,0.9696,0.9086,0.5112,1409.81,512,27
2026-04-23T20:08:59.447115Z,synthetic_quantum,1290,0.9721,0.9618,0.864,0.4721,1173.85,1024,30
2026-04-23T20:02:51.423939Z,synthetic_quantum,1080,0.9537,0.9451,0.8165,0.491,53.11,256,20
2026-04-23T20:02:40.659193Z,synthetic_quantum,648,0.9547,0.9359,0.9092,0.5369,1115.0,512,24
2026-04-23T20:10:42.514037Z,synthetic_quantum,574,0.9702,0.9647,0.9328,0.5039,307.66,1024,14
2026-04-23T20:09:03.048272Z,synthetic_quantum,624,0.9783,0.96,0.9409,0.4662,1552.16,1024,13
2026-04-23T20:03:23.945627Z,synthetic_quantum,462,0.9796,0.9681,0.9625,0.5437,122.08,256,21
2026-04-23T20:09:19.118229Z,synthetic_quantum,328,0.5036,0.4997,0.4334,0.5487,91.73,256,8
2026-04-23T20:05:13.429766Z,synthetic_quantum,696,0.9607,0.9468,0.9125,0.5357,1345.12,256,29
2026-04-23T20:05:03.440904Z,synthetic_quantum,875,0.9859,0.976,0.8719,0.4745,389.42,256,25
2026-04-23T20:02:02.544201Z,synthetic_quantum,780,0.9965,0.9871,0.9774,0.485,731.01,512,15
2026-04-23T20:04:18.558098Z,synthetic_quantum,735,0.9544,0.9422,0.8886,0.5022,746.33,256,21
2026-04-23T20:09:20.802388Z,synthetic_quantum,594,0.9615,0.9448,0.8497,0.4893,693.19,256,22
2026-04-23T20:10:11.214481Z,synthetic_quantum,630,0.9674,0.9583,0.8735,0.5128,2790.54,512,30
2026-04-23T20:06:13.850272Z,synthetic_quantum,176,0.9867,0.9707,0.8697,0.5343,118.1,512,8
2026-04-23T20:11:27.176592Z,synthetic_quantum,1088,0.9903,0.9875,0.9315,0.5197,980.87,256,32
2026-04-23T20:10:06.455607Z,synthetic_quantum,629,0.9868,0.982,0.8551,0.4929,79.06,512,17
2026-04-23T20:10:14.629083Z,synthetic_quantum,494,0.9742,0.9577,0.9429,0.5309,669.39,512,19
2026-04-23T20:10:50.487417Z,synthetic_quantum,901,0.9633,0.9466,0.8897,0.4706,2180.76,1024,17
2026-04-23T20:06:46.549072Z,synthetic_quantum,374,0.9603,0.9599,0.8888,0.4855,281.79,256,11
2026-04-23T20:06:28.056738Z,synthetic_quantum,286,0.9621,0.9542,0.9162,0.4547,524.96,256,11
2026-04-23T20:08:02.169648Z,synthetic_quantum,792,0.9521,0.94,0.9014,0.5277,626.27,1024,18
2026-04-23T20:12:07.683630Z,synthetic_quantum,629,0.9683,0.9556,0.9466,0.4978,1191.31,1024,17
2026-04-23T20:03:14.496913Z,synthetic_quantum,648,0.9856,0.9824,0.849,0.5239,4412.38,1024,24
2026-04-23T20:08:01.524838Z,synthetic_quantum,893,0.6506,0.6402,0.5533,0.5202,492.02,256,19
2026-04-23T20:08:57.778437Z,synthetic_quantum,459,0.9969,0.9895,0.8843,0.5334,2622.23,1024,17
2026-04-23T20:05:05.062713Z,synthetic_quantum,400,0.9821,0.9688,0.9288,0.4797,340.63,256,10
2026-04-23T20:02:54.509168Z,synthetic_quantum,1064,0.7658,0.7594,0.677,0.4699,982.09,1024,19
2026-04-23T20:09:24.536981Z,synthetic_quantum,506,0.9705,0.9648,0.8544,0.5417,856.32,1024,11
2026-04-23T20:07:32.491116Z,synthetic_quantum,630,0.9606,0.9475,0.8281,0.5157,335.2,256,15
2026-04-23T20:05:06.889550Z,synthetic_quantum,984,0.9707,0.9589,0.8637,0.4976,3779.81,1024,24
2026-04-23T20:10:52.249603Z,synthetic_quantum,765,0.9822,0.973,0.912,0.5094,631.11,512,15
2026-04-23T20:11:06.568609Z,synthetic_quantum,800,0.9771,0.9746,0.8896,0.4704,1356.94,256,32
2026-04-23T20:02:18.552070Z,synthetic_quantum,684,0.9518,0.946,0.9276,0.546,1375.08,1024,19
2026-04-23T20:05:57.337942Z,synthetic_quantum,494,0.9738,0.9732,0.9609,0.4952,1447.13,1024,19
2026-04-23T20:07:14.186520Z,synthetic_quantum,1196,0.9776,0.9748,0.9244,0.4971,151.64,512,23
2026-04-23T20:08:28.309840Z,synthetic_quantum,912,0.9543,0.9542,0.8182,0.5259,2327.01,1024,19
2026-04-23T20:11:26.990313Z,synthetic_quantum,1530,0.9673,0.949,0.8367,0.5091,522.79,256,30
2026-04-23T20:10:27.921543Z,synthetic_quantum,374,0.9551,0.9366,0.8301,0.5431,1923.26,1024,11
2026-04-23T20:11:43.371028Z,synthetic_quantum,416,0.9647,0.9536,0.8686,0.4947,397.0,512,26
2026-04-23T20:03:24.641374Z,synthetic_quantum,760,0.9897,0.9722,0.8765,0.5436,1788.98,1024,19
2026-04-23T20:05:49.070405Z,synthetic_quantum,468,0.9527,0.934,0.9213,0.4953,1442.66,1024,12
2026-04-23T20:08:02.456004Z,synthetic_quantum,2016,0.9728,0.9646,0.9545,0.5088,1907.34,1024,32
2026-04-23T20:04:37.937388Z,synthetic_quantum,432,0.9166,0.9035,0.8562,0.5474,658.63,512,16
2026-04-23T20:10:08.808801Z,synthetic_quantum,360,0.9689,0.9496,0.8549,0.4573,1738.94,1024,18
2026-04-23T20:10:32.222945Z,synthetic_quantum,1320,0.9891,0.9769,0.8827,0.4519,1718.25,512,24
2026-04-23T20:03:31.276185Z,synthetic_quantum,1664,0.6665,0.6623,0.6488,0.5487,2571.3,512,32
2026-04-23T20:07:04.573641Z,synthetic_quantum,476,0.9613,0.9512,0.9001,0.4993,782.1,256,17
2026-04-23T20:05:02.576440Z,synthetic_quantum,256,0.7806,0.7712,0.7605,0.5484,437.13,1024,16
2026-04-23T20:03:39.754429Z,synthetic_quantum,1000,0.9799,0.961,0.926,0.4889,962.16,256,20
2026-04-23T20:06:32.497897Z,synthetic_quantum,1120,0.9856,0.9698,0.8734,0.5417,444.01,256,28
2026-04-23T20:11:19.560826Z,synthetic_quantum,1007,0.9682,0.9587,0.9091,0.5466,872.44,1024,19
2026-04-23T20:12:41.785775Z,synthetic_quantum,1475,0.6001,0.5927,0.5872,0.5159,1662.64,512,25
2026-04-23T20:05:56.656260Z,synthetic_quantum,620,0.992,0.9808,0.8559,0.5002,755.51,256,31
2026-04-23T20:08:56.300869Z,synthetic_quantum,741,0.9613,0.9602,0.8854,0.4932,660.55,1024,19
2026-04-23T20:06:42.033414Z,synthetic_quantum,1242,0.9848,0.9844,0.9449,0.498,1416.82,512,23
2026-04-23T20:05:21.856326Z,synthetic_quantum,1081,0.9858,0.9824,0.8971,0.4554,958.08,512,23
2026-04-23T20:07:19.921855Z,synthetic_quantum,640,0.8582,0.8467,0.7814,0.5146,514.86,512,16
2026-04-23T20:05:20.471706Z,synthetic_quantum,1298,0.9757,0.9607,0.8671,0.4803,1002.44,256,22
2026-04-23T20:07:30.814837Z,synthetic_quantum,238,0.9822,0.9757,0.8859,0.5465,414.32,1024,14
2026-04-23T20:05:38.497809Z,synthetic_quantum,600,0.9979,0.9845,0.9749,0.4517,672.28,256,15
2026-04-23T20:10:02.916314Z,synthetic_quantum,1008,0.9706,0.9607,0.9131,0.492,3438.05,1024,28
2026-04-23T20:10:32.851912Z,synthetic_quantum,360,0.9963,0.9937,0.904,0.5486,862.39,1024,8
2026-04-23T20:11:01.301271Z,synthetic_quantum,418,0.9908,0.9711,0.9766,0.5222,773.04,512,19
2026-04-23T20:12:28.979928Z,synthetic_quantum,620,0.9727,0.9683,0.8395,0.5324,125.31,512,20
2026-04-23T20:13:27.484063Z,synthetic_quantum,903,0.9503,0.9426,0.9283,0.533,3318.82,1024,21
2026-04-23T20:13:33.364484Z,synthetic_quantum,484,0.8897,0.8799,0.8413,0.5248,1642.02,512,22
2026-04-23T20:04:36.244801Z,synthetic_quantum,272,0.9886,0.9699,0.8964,0.5109,90.57,256,8
2026-04-23T20:13:06.512656Z,synthetic_quantum,675,0.9891,0.9791,0.857,0.4533,626.17,1024,15
2026-04-23T20:04:26.742421Z,synthetic_quantum,1152,0.9545,0.944,0.9249,0.5454,1036.13,1024,18
2026-04-23T20:06:56.120439Z,synthetic_quantum,1008,0.6654,0.6556,0.6317,0.4918,322.04,512,28
2026-04-23T20:06:36.164074Z,synthetic_quantum,234,0.9714,0.9565,0.8826,0.5477,34.67,256,9
2026-04-23T20:02:46.296299Z,synthetic_quantum,588,0.8055,0.7996,0.7611,0.5372,526.29,256,14
2026-04-23T20:04:38.207835Z,synthetic_quantum,1150,0.6386,0.6318,0.5553,0.4786,685.82,256,23
2026-04-23T20:06:45.842454Z,synthetic_quantum,378,0.996,0.9958,0.8734,0.5246,2073.24,1024,21
2026-04-23T20:10:00.998102Z,synthetic_quantum,1482,0.9694,0.9561,0.9127,0.4673,982.03,256,26
2026-04-23T20:02:45.931755Z,synthetic_quantum,496,0.9845,0.9753,0.9016,0.4919,1062.41,256,31
2026-04-23T20:03:23.657000Z,synthetic_quantum,403,0.9701,0.9587,0.931,0.5404,2360.19,1024,13
2026-04-23T20:07:53.581277Z,synthetic_quantum,350,0.9883,0.9846,0.8803,0.4618,498.72,1024,10
2026-04-23T20:02:38.774186Z,synthetic_quantum,253,0.9591,0.959,0.9273,0.5331,496.97,256,11
2026-04-23T20:08:50.259620Z,synthetic_quantum,893,0.9887,0.9809,0.9759,0.4711,304.46,512,19
2026-04-23T20:10:34.037926Z,synthetic_quantum,1800,0.9681,0.9541,0.846,0.4811,2700.13,512,30
2026-04-23T20:08:05.680193Z,synthetic_quantum,1566,0.9856,0.9736,0.8525,0.452,734.35,256,27
2026-04-23T20:11:38.624566Z,synthetic_quantum,1421,0.9875,0.9771,0.9659,0.4903,4313.73,1024,29
2026-04-23T20:09:20.171900Z,synthetic_quantum,950,0.9562,0.9549,0.8984,0.5287,123.86,256,19
2026-04-23T20:05:46.216622Z,synthetic_quantum,640,0.9855,0.977,0.9274,0.4949,1220.35,1024,16
2026-04-23T20:07:57.230551Z,synthetic_quantum,1539,0.9768,0.9659,0.967,0.5,1295.91,256,27
2026-04-23T20:08:11.620483Z,synthetic_quantum,1596,0.9811,0.969,0.8611,0.514,810.01,256,28
2026-04-23T20:11:20.704816Z,synthetic_quantum,272,0.9744,0.9578,0.903,0.5358,718.13,1024,8
2026-04-23T20:12:12.757644Z,synthetic_quantum,344,0.5655,0.5544,0.4834,0.4834,241.99,256,8
2026-04-23T20:12:51.416398Z,synthetic_quantum,1200,0.9622,0.9546,0.8724,0.5112,1026.79,512,20
2026-04-23T20:03:33.675320Z,synthetic_quantum,600,0.9688,0.9657,0.8593,0.5201,221.25,512,12
2026-04-23T20:12:12.888460Z,synthetic_quantum,648,0.9564,0.9544,0.9322,0.4809,22.46,256,12
2026-04-23T20:03:00.074406Z,synthetic_quantum,468,0.9965,0.9856,0.9645,0.4662,2049.24,512,26
2026-04-23T20:02:41.445278Z,synthetic_quantum,735,0.9636,0.9603,0.9481,0.5241,3878.56,1024,21
2026-04-23T20:06:13.673542Z,synthetic_quantum,611,0.986,0.9793,0.937,0.4572,315.56,256,13
2026-04-23T20:03:15.387161Z,synthetic_quantum,1890,0.9924,0.9855,0.9177,0.4555,881.77,256,30
2026-04-23T20:12:18.104257Z,synthetic_quantum,1240,0.9542,0.943,0.8137,0.4538,795.56,1024,20
2026-04-23T20:09:05.219022Z,synthetic_quantum,720,0.9706,0.9591,0.9032,0.4738,59.3,512,12
2026-04-23T20:07:56.870638Z,synthetic_quantum,760,0.8049,0.8042,0.7371,0.5205,239.74,256,19
2026-04-23T20:02:40.930041Z,synthetic_quantum,690,0.9931,0.9893,0.8622,0.5049,306.63,512,30
2026-04-23T20:14:49.595352Z,synthetic_quantum,1440,0.9927,0.9825,0.8689,0.5362,147.63,256,24
2026-04-23T20:12:18.759725Z,synthetic_quantum,920,0.9803,0.9702,0.8922,0.5074,2614.26,1024,20
2026-04-23T20:05:06.754529Z,synthetic_quantum,1428,0.9968,0.9833,0.8576,0.5337,2041.96,1024,28
2026-04-23T20:13:43.407642Z,synthetic_quantum,340,0.9538,0.9366,0.8307,0.5204,556.88,256,17
2026-04-23T20:12:34.717292Z,synthetic_quantum,190,0.9824,0.9642,0.8733,0.525,294.99,1024,10
2026-04-23T20:04:57.395924Z,synthetic_quantum,651,0.7151,0.7077,0.6385,0.5425,2556.5,512,31
2026-04-23T20:13:59.976306Z,synthetic_quantum,1479,0.9191,0.9041,0.83,0.4759,2647.43,512,29
2026-04-23T20:07:17.764141Z,synthetic_quantum,1260,0.9665,0.958,0.9035,0.5383,1843.96,1024,30
2026-04-23T20:12:57.160786Z,synthetic_quantum,696,0.5826,0.5737,0.5049,0.5162,601.12,256,24
